FDC_FDP,Type,Description,Parent Site,City,House No,Floor No,Street Type,Street Name,Section,Building,Postcode,State,Country,Latitude,Longitude,Site Inst ID,Status,Google Maps Link,Source File,Duplicate Source Files,Source_File
RNU_C002M,FDC,MINI FDC,RNU,RANAU,,,JALAN,PORING,KAMPUNG PORING,,89308.0,SABAH,MALAYSIA,6.041438298,116.7075264,5320932,In Service,"https://www.google.com/maps?q=6.041438298,116.7075264",RNU_C002M.csv,,
RNU_C002M_DP0001,DP,DP,RNU,RANAU,,,JALAN,PORING,KAMPUNG PORING,,89308.0,SABAH,MALAYSIA,6.040974674,116.7101683,5320939,In Service,"https://www.google.com/maps?q=6.040974674,116.7101683",RNU_C002M.csv,,
RNU_C002M_DP0002,DP,DP,RNU,RANAU,,2,JALAN,PORING,KAMPUNG PORING,,89308.0,SABAH,MALAYSIA,6.041694385,116.7062501,5367900,In Service,"https://www.google.com/maps?q=6.041694385,116.7062501",RNU_C002M.csv,,
RNU_C002M_DP0003,DP,DP,RNU,RANAU,19,,JALAN,PORING,KAMPUNG PORING,,89308.0,SABAH,MALAYSIA,6.034603986,116.7177984,6529690,In Service,"https://www.google.com/maps?q=6.034603986,116.7177984",RNU_C002M.csv,,
RNU_C002M_DP0004,DP,DP,RNU,RANAU,33,,JALAN,PORING,KAMPUNG PORING,,89308.0,SABAH,MALAYSIA,6.045580912,116.703805,6529902,In Service,"https://www.google.com/maps?q=6.045580912,116.703805",RNU_C002M.csv,,
RNU_C002M_DP0005,DP,DP,RNU,RANAU,41,,JALAN,PORING,KAMPUNG PORING,,89308.0,SABAH,MALAYSIA,6.043845152,116.7034551,6529906,In Service,"https://www.google.com/maps?q=6.043845152,116.7034551",RNU_C002M.csv,,
RNU_C002M_DP0006,DP,DP,RNU,RANAU,51,,JALAN,PORING,KAMPUNG PORING,,89308.0,SABAH,MALAYSIA,6.041029859,116.7100839,6730777,In Service,"https://www.google.com/maps?q=6.041029859,116.7100839",RNU_C002M.csv,,
RNU_C002M_DP0007,DP,DP,RNU,RANAU,61,,JALAN,PORING,KAMPUNG PORING,,89308.0,SABAH,MALAYSIA,6.041418105,116.7080926,6730791,In Service,"https://www.google.com/maps?q=6.041418105,116.7080926",RNU_C002M.csv,,
RNU_C002M_DP003A,FTB,DP,RNU,RANAU,23,,JALAN,PORING,KAMPUNG PORING,,89308.0,SABAH,MALAYSIA,6.033810112,116.7212547,6730879,In Service,"https://www.google.com/maps?q=6.033810112,116.7212547",RNU_C002M.csv,,
RNU_C002M_DP004A,FTB,DP,RNU,RANAU,37,,JALAN,PORING,KAMPUNG PORING,HOTSPRING,89308.0,SABAH,MALAYSIA,6.047316804,116.7036973,6730926,In Service,"https://www.google.com/maps?q=6.047316804,116.7036973",RNU_C002M.csv,,
RNU_C002M_DP005A,FTB,DP,RNU,RANAU,45,,JALAN,PORING,KAMPUNG PORING,KWARTERS HOTSPRING,89308.0,SABAH,MALAYSIA,6.042939812,116.7026578,6730895,In Service,"https://www.google.com/maps?q=6.042939812,116.7026578",RNU_C002M.csv,,
RNU_C003M,FDC,MINI FDC,RNU,RANAU,BERDEKATAN MSAN CABINET,,JALAN,LOHAN BONGKUD,KAMPUNG LOHAN,,89308.0,SABAH,MALAYSIA,5.99854405,116.7177298,5313819,In Service,"https://www.google.com/maps?q=5.99854405,116.717729822",RNU_C003M.csv,,
RNU_C003M_DP0001,DP,DP,RNU,RANAU,,,JALAN,LOHAN BONGKUD,KAMPUNG LOHAN,SK LOHAN,89308.0,SABAH,MALAYSIA,5.998595176,116.7189625,5314016,In Service,"https://www.google.com/maps?q=5.998595176,116.718962541",RNU_C003M.csv,,
RNU_C003M_DP0002,DP,DP,RNU,RANAU,1,,JALAN,LOHAN BONGKUD,KAMPUNG LOHAN,SK LOHAN,89308.0,SABAH,MALAYSIA,5.997745407,116.7160756,5323642,In Service,"https://www.google.com/maps?q=5.997745407,116.716075645",RNU_C003M.csv,,
RNU_C003M_DP0003,DP,DP,RNU,RANAU,17,,JALAN,LOHAN BONGKUD,KAMPUNG LOHAN 1,,89308.0,SABAH,MALAYSIA,6.0050898,116.7250349,6982217,In Service,"https://www.google.com/maps?q=6.0050898,116.725034949",RNU_C003M.csv,,
RNU_C003M_DP0004,DP,DP,RNU,RANAU,24,,JALAN,LOHAN BONGKUD,KAMPUNG LOHAN 1,,89308.0,SABAH,MALAYSIA,6.004061992,116.7269458,6982221,In Service,"https://www.google.com/maps?q=6.004061992,116.726945753",RNU_C003M.csv,,
RNU_C003M_DP0005,DP,DP,RNU,RANAU,41,,JALAN,LOHAN BONGKUD,KAMPUNG LOHAN 1,,89308.0,SABAH,MALAYSIA,6.00318349,116.728006,6982224,In Service,"https://www.google.com/maps?q=6.00318349,116.72800598",RNU_C003M.csv,,
RNU_C003M_DP0006,DP,DP,RNU,RANAU,49,,JALAN,LOHAN BONGKUD,KAMPUNG LOHAN 1,,89308.0,SABAH,MALAYSIA,6.002677292,116.7275975,6982225,In Service,"https://www.google.com/maps?q=6.002677292,116.727597516",RNU_C003M.csv,,
RNU_C003M_DP0007,DP,DP,RNU,RANAU,57,,JALAN,LOHAN BONGKUD,KAMPUNG LOHAN 1,,89308.0,SABAH,MALAYSIA,6.00079676,116.7282721,6982227,In Service,"https://www.google.com/maps?q=6.00079676,116.728272057",RNU_C003M.csv,,
RNU_C003M_DP0008,DP,DP,RNU,RANAU,65,,JALAN,LOHAN BONGKUD,KAMPUNG LOHAN 1,,89308.0,SABAH,MALAYSIA,6.001408179,116.7262456,6982230,In Service,"https://www.google.com/maps?q=6.001408179,116.726245641",RNU_C003M.csv,,
RNU_C003M_DP0009,DP,DP,RNU,RANAU,73,,JALAN,LOHAN BONGKUD,KAMPUNG LOHAN 1,,89308.0,SABAH,MALAYSIA,6.00324156,116.724851,6982232,In Service,"https://www.google.com/maps?q=6.00324156,116.724850962",RNU_C003M.csv,,
RNU_C003M_DP0010,DP,DP,RNU,RANAU,81,,JALAN,LOHAN BONGKUD,KAMPUNG LOHAN 1,,89308.0,SABAH,MALAYSIA,6.001631032,116.7250045,6982236,In Service,"https://www.google.com/maps?q=6.001631032,116.725004495",RNU_C003M.csv,,
RNU_C003M_DP0011,DP,DP,RNU,RANAU,89,,JALAN,LOHAN BONGKUD,KAMPUNG LOHAN 1,,89308.0,SABAH,MALAYSIA,5.998072206,116.7245533,6982237,In Service,"https://www.google.com/maps?q=5.998072206,116.724553254",RNU_C003M.csv,,
RNU_C003M_DP0012,DP,DP,RNU,RANAU,97,,JALAN,LOHAN BONGKUD,KAMPUNG LOHAN 1,,89308.0,SABAH,MALAYSIA,5.998519439,116.7209885,6982240,In Service,"https://www.google.com/maps?q=5.998519439,116.720988455",RNU_C003M.csv,,
RNU_C003M_DP0013,DP,DP,RNU,RANAU,105,,JALAN,LOHAN BONGKUD,KAMPUNG LOHAN 1,,89308.0,SABAH,MALAYSIA,5.997762834,116.7124304,6982244,In Service,"https://www.google.com/maps?q=5.997762834,116.712430411",RNU_C003M.csv,,
RNU_C003M_DP0014,DP,DP,RNU,RANAU,113,,JALAN,LOHAN BONGKUD,KAMPUNG LOHAN 1,,89308.0,SABAH,MALAYSIA,5.998182235,116.7154236,6982245,In Service,"https://www.google.com/maps?q=5.998182235,116.715423646",RNU_C003M.csv,,
RNU_C003M_DP0015,DP,DP,RNU,RANAU,221,,JALAN,LOHAN BONGKUD,KAMPUNG LOHAN ULU,,89308.0,SABAH,MALAYSIA,5.997431934,116.7158908,6982246,In Service,"https://www.google.com/maps?q=5.997431934,116.715890808",RNU_C003M.csv,,
RNU_C003M_DP0016,DP,DP,RNU,RANAU,129,,JALAN,LOHAN BONGKUD,KAMPUNG LOHAN 1,,89308.0,SABAH,MALAYSIA,5.997825542,116.7168047,6982247,In Service,"https://www.google.com/maps?q=5.997825542,116.716804717",RNU_C003M.csv,,
RNU_C003M_DP001A,FTB,DP,RNU,RANAU,,,JALAN,LOHAN BONGKUD,KAMPUNG LOHAN,SK LOHAN,89308.0,SABAH,MALAYSIA,5.997684211,116.7215078,5314550,In Service,"https://www.google.com/maps?q=5.997684211,116.721507763",RNU_C003M.csv,,
RNU_C003M_DP001B,FTB,DP,RNU,RANAU,7,,JALAN,LOHAN BONGKUD,KAMPUNG LOHAN ULU,,89308.0,SABAH,MALAYSIA,5.998135966,116.7190389,6994650,In Service,"https://www.google.com/maps?q=5.998135966,116.71903886",RNU_C003M.csv,,
RNU_C003M_DP003A,FTB,DP,RNU,RANAU,21,,JALAN,LOHAN BONGKUD,KAMPUNG LOHAN 1,,89308.0,SABAH,MALAYSIA,6.005442112,116.7242709,6994577,In Service,"https://www.google.com/maps?q=6.005442112,116.724270934",RNU_C003M.csv,,
RNU_C003M_DP004A,FTB,DP,RNU,RANAU,28,,JALAN,LOHAN BONGKUD,KAMPUNG LOHAN 1,,89308.0,SABAH,MALAYSIA,6.00454781,116.7261861,6994584,In Service,"https://www.google.com/maps?q=6.00454781,116.726186147",RNU_C003M.csv,,
RNU_C003M_DP005A,FTB,DP,RNU,RANAU,45,,JALAN,LOHAN BONGKUD,KAMPUNG LOHAN 1,,89308.0,SABAH,MALAYSIA,6.005715602,116.7294494,6994602,In Service,"https://www.google.com/maps?q=6.005715602,116.729449406",RNU_C003M.csv,,
RNU_C003M_DP006A,FTB,,RNU,RANAU,125040,-,-,-,KAMPUNG LOHAN 1,-,,SABAH,MALAYSIA,6.003693,116.728915,10653327,In Service,"https://www.google.com/maps?q=6.003693,116.728915",RNU_C003M.csv,,
RNU_C003M_DP007A,FTB,DP,RNU,RANAU,61,,JALAN,LOHAN BONGKUD,KAMPUNG LOHAN 1,,89308.0,SABAH,MALAYSIA,6.002165253,116.7297637,6994606,In Service,"https://www.google.com/maps?q=6.002165253,116.729763725",RNU_C003M.csv,,
RNU_C003M_DP007B,FTB,DP,RNU,RANAU,65,,JALAN,LOHAN BONGKUD,KAMPUNG LOHAN 1,,89308.0,SABAH,MALAYSIA,6.002348101,116.7284822,6994609,In Service,"https://www.google.com/maps?q=6.002348101,116.728482157",RNU_C003M.csv,,
RNU_C003M_DP009A,FTB,DP,RNU,RANAU,77,,JALAN,LOHAN BONGKUD,KAMPUNG LOHAN 1,,89308.0,SABAH,MALAYSIA,6.004328751,116.7236845,6994611,In Service,"https://www.google.com/maps?q=6.004328751,116.723684481",RNU_C003M.csv,,
RNU_C003M_DP009B,FTB,DP,RNU,RANAU,81,,JALAN,LOHAN BONGKUD,KAMPUNG LOHAN 1,,89308.0,SABAH,MALAYSIA,6.004160447,116.7253078,6994616,In Service,"https://www.google.com/maps?q=6.004160447,116.725307798",RNU_C003M.csv,,
RNU_C003M_DP011A,FTB,DP,RNU,RANAU,93,,JALAN,LOHAN BONGKUD,KAMPUNG LOHAN 1,,89308.0,SABAH,MALAYSIA,5.998131824,116.7259042,6994624,In Service,"https://www.google.com/maps?q=5.998131824,116.725904152",RNU_C003M.csv,,
RNU_C003M_DP012A,FTB,DP,RNU,RANAU,101,,JALAN,LOHAN BONGKUD,KAMPUNG LOHAN 1,,89308.0,SABAH,MALAYSIA,5.997561598,116.7232298,6994630,In Service,"https://www.google.com/maps?q=5.997561598,116.723229791",RNU_C003M.csv,,
RNU_C003M_DP013A,FTB,DP,RNU,RANAU,109,,JALAN,LOHAN BONGKUD,KAMPUNG LOHAN ULU,,89308.0,SABAH,MALAYSIA,5.99635628,116.7105792,6994636,In Service,"https://www.google.com/maps?q=5.99635628,116.710579227",RNU_C003M.csv,,
RNU_C003M_DP013B,FTB,DP,RNU,RANAU,99087493,,JALAN,LOHAN ULU,KAMPUNG LOHAN ULU,,89307.0,SABAH,MALAYSIA,,,7456229,In Service,,RNU_C003M.csv,,
RNU_C003M_DP016A,FTB,DP,RNU,RANAU,133,,JALAN,LOHAN BONGKUD,KAMPUNG LOHAN ULU,,89308.0,SABAH,MALAYSIA,5.996666431,116.7164083,6994649,In Service,"https://www.google.com/maps?q=5.996666431,116.716408326",RNU_C003M.csv,,
RNU_C003M_DP016B,FTB,DP,RNU,RANAU,137,,JALAN,LOHAN BONGKUD,KAMPUNG LOHAN ULU,,89308.0,SABAH,MALAYSIA,5.997152509,116.7188885,7131803,In Service,"https://www.google.com/maps?q=5.997152509,116.718888482",RNU_C003M.csv,,
RNU_C004M,FDC,MINI FDC,RNU,RANAU,,,JALAN,LOHAN BONGKUD,KAMPUNG LOHAN,SMK LOHAN,89308.0,SABAH,MALAYSIA,5.994318676,116.6986035,5313836,In Service,"https://www.google.com/maps?q=5.994318676,116.69860352",RNU_C004M.csv,,
RNU_C004M_DP0001,DP,DP,RNU,RANAU,,,JALAN,LOHAN BONGKUD,RANAU,SMKA MOHAMAD ALI,89308.0,SABAH,MALAYSIA,5.99871931,116.6981711,5318641,In Service,"https://www.google.com/maps?q=5.99871931,116.698171058",RNU_C004M.csv,,
RNU_C004M_DP0002,DP,DP,RNU,RANAU,,,JALAN,LOHAN BONGKUD,KAMPUNG LOHAN,SMK LOHAN,89308.0,SABAH,MALAYSIA,5.99474203,116.7009212,5314023,In Service,"https://www.google.com/maps?q=5.99474203,116.700921219",RNU_C004M.csv,,
RNU_C004M_DP0003,DP,DP,RNU,RANAU,,,JALAN,KOMPLEKS SUKAN RANAU,RANAU,KOMPLEKS SUKAN RANAU,89308.0,SABAH,MALAYSIA,5.991290199,116.6853377,6020006,In Service,"https://www.google.com/maps?q=5.991290199,116.685337721",RNU_C004M.csv,,
RNU_C004M_DP0004,DP,DP,RNU,RANAU,,,JALAN,SMK RANAU,RANAU,SMKA MOHD ALI RANAU,89308.0,SABAH,MALAYSIA,6.009169813,116.7070842,6947866,In Service,"https://www.google.com/maps?q=6.009169813,116.707084197",RNU_C004M.csv,,
RNU_C004M_DP0005,DP,DP,RNU,RANAU,,,JALAN,RANAU,KAMPUNG LOHAN ULU RANAU,,89308.0,SABAH,MALAYSIA,5.999826922,116.6978008,6947922,In Service,"https://www.google.com/maps?q=5.999826922,116.697800794",RNU_C004M.csv,,
RNU_C004M_DP0006,DP,DP,RNU,RANAU,,,JALAN,PORING,KAMPUNG LOHAN ULU RANAU,,89308.0,SABAH,MALAYSIA,5.993266497,116.6965754,6947932,In Service,"https://www.google.com/maps?q=5.993266497,116.696575384",RNU_C004M.csv,,
RNU_C004M_DP0007,DP,DP,RNU,RANAU,,,JALAN,LOHAN PERDANA,KAMPUNG LOHAN,,89308.0,SABAH,MALAYSIA,5.992315081,116.6977922,6947937,In Service,"https://www.google.com/maps?q=5.992315081,116.697792182",RNU_C004M.csv,,
RNU_C004M_DP0008,DP,DP,RNU,RANAU,,,JALAN,LOHAN,KAMPUNG LOHAN,,89308.0,SABAH,MALAYSIA,5.993689518,116.7049475,6947958,In Service,"https://www.google.com/maps?q=5.993689518,116.704947474",RNU_C004M.csv,,
RNU_C004M_DP0009,DP,DP,RNU,RANAU,,,JALAN,LOHAN,KAMPUNG LOHAN ULU RANAU,,89308.0,SABAH,MALAYSIA,5.99516342,116.7057443,6947972,In Service,"https://www.google.com/maps?q=5.99516342,116.705744317",RNU_C004M.csv,,
RNU_C004M_DP0010,DP,DP,RNU,RANAU,,,JALAN,LOHAN BONGKUD,KAMPUNG LOHAN ULU RANAU,,89308.0,SABAH,MALAYSIA,5.996085739,116.7060919,6947978,In Service,"https://www.google.com/maps?q=5.996085739,116.706091887",RNU_C004M.csv,,
RNU_C004M_DP0011,DP,DP,RNU,RANAU,,,JALAN,LOHAN BONGKUD,KAMPUNG LOHAN ULU RANAU,,89308.0,SABAH,MALAYSIA,5.995697242,116.703728,6947982,In Service,"https://www.google.com/maps?q=5.995697242,116.703727979",RNU_C004M.csv,,
RNU_C004M_DP0012,DP,DP,RNU,RANAU,,,JALAN,LOHAN BONGKUD,KAMPUNG LOHAN ULU RANAU,,89308.0,SABAH,MALAYSIA,5.995495911,116.7021834,6947996,In Service,"https://www.google.com/maps?q=5.995495911,116.702183368",RNU_C004M.csv,,
RNU_C004M_DP0013,DP,DP,RNU,RANAU,RUMAH KAKITANGAN SMK LOHAN,,JALAN,LOHAN BONGKUD,KAMPUNG LOHAN ULU RANAU,,89308.0,SABAH,MALAYSIA,5.995571539,116.7011216,6948000,In Service,"https://www.google.com/maps?q=5.995571539,116.701121589",RNU_C004M.csv,,
RNU_C004M_DP0014,DP,DP,RNU,RANAU,,,JALAN,LOHAN BONGKUD,KAMPUNG LOHAN ULU RANAU,FLAT GURU SMK LOHAN,89308.0,SABAH,MALAYSIA,5.99514151,116.6991063,6948006,In Service,"https://www.google.com/maps?q=5.99514151,116.699106291",RNU_C004M.csv,,
RNU_C004M_DP0015,DP,DP,RNU,RANAU,,,JALAN,RANAU SANDAKAN,KAMPUNG LOHAN,HADAPAN HARRISON RANAU,89308.0,SABAH,MALAYSIA,5.985754045,116.6939665,7022439,In Service,"https://www.google.com/maps?q=5.985754045,116.693966525",RNU_C004M.csv,,
RNU_C004M_DP0016,DP,DP,RNU,RANAU,,,JALAN,LOHAN PERDANA,KAMPUNG LOHAN ULU,,89308.0,SABAH,MALAYSIA,5.992796536,116.6984395,7201369,In Service,"https://www.google.com/maps?q=5.992796536,116.698439459",RNU_C004M.csv,,
RNU_C004M_DP001A,FTB,DP,RNU,RANAU,,,JALAN,LOHAN BONGKUD,RANAU,SMKA MOHAMAD ALI,89308.0,SABAH,MALAYSIA,6.008905053,116.7050543,5318646,In Service,"https://www.google.com/maps?q=6.008905053,116.705054313",RNU_C004M.csv,,
RNU_C004M_DP002A,FTB,DP,RNU,RANAU,,,JALAN,LOHAN BONGKUD,KAMPUNG LOHAN,SMK LOHAN,89308.0,SABAH,MALAYSIA,5.99591511,116.7047913,5314602,In Service,"https://www.google.com/maps?q=5.99591511,116.704791262",RNU_C004M.csv,,
RNU_C004M_DP003A,FTB,DP,RNU,RANAU,,,JALAN,KOMPLEKS SUKAN RANAU,RANAU,HOSTEL KOMPLEKS SUKAN RANAU,89308.0,SABAH,MALAYSIA,5.99048643,116.6856209,6020064,In Service,"https://www.google.com/maps?q=5.99048643,116.685620915",RNU_C004M.csv,,
RNU_C004M_DP004A,FTB,DP,RNU,RANAU,,,JALAN,PORING,RANAU,SM AGAMA LOHAN,89308.0,SABAH,MALAYSIA,6.007824111,116.7073169,6948021,In Service,"https://www.google.com/maps?q=6.007824111,116.707316889",RNU_C004M.csv,,
RNU_C004M_DP005A,FTB,DP,RNU,RANAU,,,JALAN,LOHAN,KAMPUNG LOHAN ULU RANAU,,89308.0,SABAH,MALAYSIA,5.99771923,116.6969823,6948039,In Service,"https://www.google.com/maps?q=5.99771923,116.696982311",RNU_C004M.csv,,
RNU_C004M_DP005B,FTB,DP,RNU,RANAU,,,JALAN,LOHAN,KAMPUNG LOHAN ULU RANAU,,89308.0,SABAH,MALAYSIA,6.003534076,116.6980122,6948045,In Service,"https://www.google.com/maps?q=6.003534076,116.69801215",RNU_C004M.csv,,
RNU_C004M_DP006A,FTB,DP,RNU,RANAU,,,JALAN,PORING,KAMPUNG LOHAN ULU RANAU,,89308.0,SABAH,MALAYSIA,5.994588421,116.6962709,6948056,In Service,"https://www.google.com/maps?q=5.994588421,116.696270909",RNU_C004M.csv,,
RNU_C004M_DP007A,FTB,DP,RNU,RANAU,,,JALAN,LOHAN PERDANA,KAMPUNG LOHAN ULU RANAU,,89308.0,SABAH,MALAYSIA,5.991809973,116.6971419,6948060,In Service,"https://www.google.com/maps?q=5.991809973,116.697141891",RNU_C004M.csv,,
RNU_C004M_DP008A,FTB,DP,RNU,RANAU,,,JALAN,LOHAN,KAMPUNG LOHAN ULU RANAU,,89308.0,SABAH,MALAYSIA,5.993193192,116.7045659,6948088,In Service,"https://www.google.com/maps?q=5.993193192,116.704565864",RNU_C004M.csv,,
RNU_C004M_DP008B,FTB,DP,RNU,RANAU,,,JALAN,LOHAN,KAMPUNG LOHAN ULU RANAU,,89308.0,SABAH,MALAYSIA,5.994539333,116.7031656,6948092,In Service,"https://www.google.com/maps?q=5.994539333,116.703165551",RNU_C004M.csv,,
RNU_C004M_DP009A,FTB,DP,RNU,RANAU,,,JALAN,LOHAN,KAMPUNG LOHAN ULU RANAU,,89308.0,SABAH,MALAYSIA,5.994333007,116.705449,6948098,In Service,"https://www.google.com/maps?q=5.994333007,116.70544897",RNU_C004M.csv,,
RNU_C004M_DP010A,FTB,DP,RNU,RANAU,,,JALAN,LOHAN,KAMPUNG LOHAN ULU RANAU,,89308.0,SABAH,MALAYSIA,5.994846861,116.7066372,6948101,In Service,"https://www.google.com/maps?q=5.994846861,116.706637238",RNU_C004M.csv,,
RNU_C004M_DP010B,FTB,DP,RNU,RANAU,,,JALAN,LOHAN,KAMPUNG LOHAN ULU RANAU,,89308.0,SABAH,MALAYSIA,5.994682992,116.7068729,6948106,In Service,"https://www.google.com/maps?q=5.994682992,116.706872895",RNU_C004M.csv,,
RNU_C004M_DP011A,FTB,DP,RNU,RANAU,,,JALAN,LOHAN BONGKUD,KAMPUNG LOHAN ULU RANAU,,89308.0,SABAH,MALAYSIA,5.995994714,116.704803,6948112,In Service,"https://www.google.com/maps?q=5.995994714,116.704802962",RNU_C004M.csv,,
RNU_C004M_DP011B,FTB,DP,RNU,RANAU,,,JALAN,LOHAN BONGKUD,KAMPUNG LOHAN ULU RANAU,,89308.0,SABAH,MALAYSIA,5.997549949,116.7114179,6948116,In Service,"https://www.google.com/maps?q=5.997549949,116.711417939",RNU_C004M.csv,,
RNU_C004M_DP013A,FTB,DP,RNU,RANAU,RUMAH KAKITANGAN SMK LOHAN,,JALAN,SMK LOHAN,KAMPUNG LOHAN,,89308.0,SABAH,MALAYSIA,5.995962124,116.7015733,6948136,In Service,"https://www.google.com/maps?q=5.995962124,116.701573332",RNU_C004M.csv,,
RNU_C004M_DP014A,FTB,DP,RNU,RANAU,,,JALAN,SMK LOHAN,KAMPUNG LOHAN ULU RANAU,,89308.0,SABAH,MALAYSIA,5.995445532,116.6990146,6948150,In Service,"https://www.google.com/maps?q=5.995445532,116.69901459",RNU_C004M.csv,,
RNU_C004M_DP014B,FTB,DP,RNU,RANAU,,,JALAN,PORING,KAMPUNG LOHAN ULU RANAU,,89308.0,SABAH,MALAYSIA,5.995669693,116.6991742,6948153,In Service,"https://www.google.com/maps?q=5.995669693,116.69917415",RNU_C004M.csv,,
RNU_C004M_DP015A,FTB,DP,RNU,RANAU,,,JALAN,RANAU SANDAKAN,KAMPUNG KARANAAN BARU,HADAPAN GERAI,89308.0,SABAH,MALAYSIA,5.98593204,116.6911351,7022460,Planned,"https://www.google.com/maps?q=5.98593204,116.691135092",RNU_C004M.csv,,
RNU_C004M_DP015B,FTB,DP,RNU,RANAU,,,JALAN,RANAU SANDAKAN,KAMPUNG KARANAAN BARU,,89308.0,SABAH,MALAYSIA,,,7882906,In Service,,RNU_C004M.csv,,
RNU_C004M_DP016A,FTB,DP,RNU,RANAU,,,JALAN,LOHAN PERDANA,KAMPUNG LOHAN ULU RANAU,,89308.0,SABAH,MALAYSIA,5.991570717,116.6974013,7212997,In Service,"https://www.google.com/maps?q=5.991570717,116.697401299",RNU_C004M.csv,,
RNU_C005M,FDC,MINI FDC,RNU,RANAU,,,JALAN,SMK RANAU,RANAU,,89308.0,SABAH,MALAYSIA,5.965889852,116.6781928,5288346,In Service,"https://www.google.com/maps?q=5.965889852,116.678192779",RNU_C005M.csv,,
RNU_C005M_DP0001,DP,DP,RNU,RANAU,,,JALAN,SMK RANAU,RANAU,,89308.0,SABAH,MALAYSIA,5.970018065,116.6768894,5288371,In Service,"https://www.google.com/maps?q=5.970018065,116.676889421",RNU_C005M.csv,,
RNU_C005M_DP0002,DP,DP,RNU,RANAU,,1,JALAN,RANAU,RANAU,,89308.0,SABAH,MALAYSIA,5.96533594,116.6780596,5403899,In Service,"https://www.google.com/maps?q=5.96533594,116.678059624",RNU_C005M.csv,,
RNU_C005M_DP0003,DP,DP,RNU,RANAU,,,JALAN,RANAU SANDAKAN,RANAU,SK KILIMU,89308.0,SABAH,MALAYSIA,5.973681741,116.6800711,5300304,In Service,"https://www.google.com/maps?q=5.973681741,116.680071118",RNU_C005M.csv,,
RNU_C005M_DP0004,DP,DP,RNU,RANAU,,,JALAN,RANAU SANDAKAN,KG KILIMU,,89308.0,SABAH,MALAYSIA,5.977229963,116.6811887,6309215,In Service,"https://www.google.com/maps?q=5.977229963,116.681188743",RNU_C005M.csv,,
RNU_C005M_DP0005,DP,DP,RNU,RANAU,,,JALAN,RANAU SANDAKAN,KG KILIMU,,89308.0,SABAH,MALAYSIA,5.975996719,116.6802711,6309218,In Service,"https://www.google.com/maps?q=5.975996719,116.680271065",RNU_C005M.csv,,
RNU_C005M_DP0006,DP,DP,RNU,RANAU,,,JALAN,RANAU SANDAKAN,KG LASING,,89308.0,SABAH,MALAYSIA,5.964301903,116.676694,6309221,In Service,"https://www.google.com/maps?q=5.964301903,116.676693961",RNU_C005M.csv,,
RNU_C005M_DP0007,DP,DP,RNU,RANAU,,,JALAN,RANAU SANDAKAN,KG LASING,,89308.0,SABAH,MALAYSIA,5.964040645,116.6778802,6309227,In Service,"https://www.google.com/maps?q=5.964040645,116.677880166",RNU_C005M.csv,,
RNU_C005M_DP0008,DP,DP,RNU,RANAU,,,JALAN,RANAU SANDAKAN,KG LASING,,89308.0,SABAH,MALAYSIA,5.965211207,116.6791133,6309236,In Service,"https://www.google.com/maps?q=5.965211207,116.67911332",RNU_C005M.csv,,
RNU_C005M_DP0009,DP,DP,RNU,RANAU,,,JALAN,RANAU SANDAKAN,KG LASING,,89308.0,SABAH,MALAYSIA,5.96439912,116.678178,6309250,In Service,"https://www.google.com/maps?q=5.96439912,116.678178024",RNU_C005M.csv,,
RNU_C005M_DP0010,DP,DP,RNU,RANAU,,,JALAN,RANAU SANDAKAN,KG LASING,,89308.0,SABAH,MALAYSIA,5.965537209,116.678154,6309252,In Service,"https://www.google.com/maps?q=5.965537209,116.678153975",RNU_C005M.csv,,
RNU_C005M_DP0011,DP,DP,RNU,RANAU,,,JALAN,RANAU SANDAKAN,KG LASING,,89308.0,SABAH,MALAYSIA,5.967263478,116.6791244,6309256,In Service,"https://www.google.com/maps?q=5.967263478,116.679124372",RNU_C005M.csv,,
RNU_C005M_DP0012,DP,DP,RNU,RANAU,,,JALAN,RANAU SANDAKAN,SMK RANAU,KWARTERS GURU,89308.0,SABAH,MALAYSIA,5.975481468,116.674508,6309259,In Service,"https://www.google.com/maps?q=5.975481468,116.674508041",RNU_C005M.csv,,
RNU_C005M_DP0013,DP,DP,RNU,RANAU,,,JALAN,RANAU SANDAKAN,RANAU,WISMA HIDAYAT,89308.0,SABAH,MALAYSIA,5.966249277,116.6785055,6309269,In Service,"https://www.google.com/maps?q=5.966249277,116.678505452",RNU_C005M.csv,,
RNU_C005M_DP001A,FTB,DP,RNU,RANAU,,,JALAN,SMK RANAU,RANAU,,89308.0,SABAH,MALAYSIA,5.974791886,116.6755385,5288386,In Service,"https://www.google.com/maps?q=5.974791886,116.675538529",RNU_C005M.csv,,
RNU_C005M_DP002A,FTB,DP,RNU,RANAU,,2,JALAN,RANAU,RANAU,,89308.0,SABAH,MALAYSIA,5.967435387,116.6792037,5403909,In Service,"https://www.google.com/maps?q=5.967435387,116.679203652",RNU_C005M.csv,,
RNU_C005M_DP003A,FTB,DP,RNU,RANAU,,,JALAN,RANAU SANDAKAN,RANAU,SK KILIMU,89308.0,SABAH,MALAYSIA,5.97923701,116.6834033,5300341,In Service,"https://www.google.com/maps?q=5.97923701,116.683403335",RNU_C005M.csv,,
RNU_C005M_DP003B,FTB,DP,RNU,RANAU,BILIK SERVER,,JALAN,RANAU SANDAKAN,RANAU,SK KILIMU,89308.0,SABAH,MALAYSIA,,,7600164,In Service,,RNU_C005M.csv,,
RNU_C005M_DP004A,FTB,DP,RNU,RANAU,PETRONAS PETROL STATION,,JALAN,RANAU SANDAKAN,RANAU,PETRONAS PETROL STATION,89300.0,SABAH,MALAYSIA,5.978008867,116.6815572,6391882,In Service,"https://www.google.com/maps?q=5.978008867,116.681557187",RNU_C005M.csv,,
RNU_C005M_DP004B,FTB,DP,RNU,RANAU,N98821115A,,JALAN,KILIMU,RANAU,KAMPUNG KILIMU,89300.0,SABAH,MALAYSIA,5.975945575,116.6797421,6816774,In Service,"https://www.google.com/maps?q=5.975945575,116.679742076",RNU_C005M.csv,,
RNU_C005M_DP004C,FTB,DP,RNU,RANAU,98757620,,JALAN,KILIMU,RANAU,KAMPUNG KILIMU,89300.0,SABAH,MALAYSIA,5.974817756,116.6791971,6816775,In Service,"https://www.google.com/maps?q=5.974817756,116.679197078",RNU_C005M.csv,,
RNU_C005M_DP005A,FTB,DP,RNU,RANAU,H11902,,JALAN,RANAU SANDAKAN,KAMPUNG KILIMU,,89300.0,SABAH,MALAYSIA,5.974865862,116.6800514,6391897,In Service,"https://www.google.com/maps?q=5.974865862,116.680051382",RNU_C005M.csv,,
RNU_C005M_DP005B,FTB,DP,RNU,RANAU,H20751,,JALAN,RANAU SANDAKAN,KAMPUNG KILIMU,,89300.0,SABAH,MALAYSIA,5.972609344,116.6803714,6391903,In Service,"https://www.google.com/maps?q=5.972609344,116.680371416",RNU_C005M.csv,,
RNU_C005M_DP009A,FTB,DP,RNU,RANAU,PS/2200,,JALAN,RANAU SANDAKAN,KAMPUNG LASING,,89300.0,SABAH,MALAYSIA,5.964896887,116.6785627,6391910,In Service,"https://www.google.com/maps?q=5.964896887,116.678562701",RNU_C005M.csv,,
RNU_C005M_DP009B,FTB,DP,RNU,RANAU,920225,,JALAN,RANAU SANDAKAN,KAMPUNG LASING,,89300.0,SABAH,MALAYSIA,5.966033808,116.6769335,6894835,In Service,"https://www.google.com/maps?q=5.966033808,116.676933469",RNU_C005M.csv,,
RNU_C005M_DP011A,FTB,DP,RNU,RANAU,H6819,,JALAN,RANAU SANDAKAN,KAMPUNG KILIMU,,89300.0,SABAH,MALAYSIA,5.968632667,116.6818774,6391920,In Service,"https://www.google.com/maps?q=5.968632667,116.681877443",RNU_C005M.csv,,
RNU_C005M_DP012A,FTB,DP,RNU,RANAU,ASPURI SMK RANAU,,JALAN,RANAU SANDAKAN,KAMPUNG KILIMU,,89300.0,SABAH,MALAYSIA,5.975537262,116.6733468,6391947,In Service,"https://www.google.com/maps?q=5.975537262,116.673346827",RNU_C005M.csv,,
RNU_C007M,FDC,MINI FDC,RNU,RANAU,,,JALAN,RANAU TAMBUNAN,TMN SAUJANA,,89308.0,SABAH,MALAYSIA,5.933380008,116.6593803,5350883,In Service,"https://www.google.com/maps?q=5.933380008,116.659380314",RNU_C006M.csv,,
RNU_C007M_DP0001,DP,DP,RNU,RANAU,1,,JALAN,RANAU TAMBUNAN,TAMAN SAUJANA,,89308.0,SABAH,MALAYSIA,5.923465589,116.6494946,5350885,In Service,"https://www.google.com/maps?q=5.923465589,116.649494634",RNU_C006M.csv,,
RNU_C007M_DP0002,DP,DP,RNU,RANAU,,,JALAN,RANAU TAMBUNAN,TAMAN SAUJANA KINABALU,,89308.0,SABAH,MALAYSIA,5.933124537,116.6599916,5376411,In Service,"https://www.google.com/maps?q=5.933124537,116.659991563",RNU_C006M.csv,,
RNU_C007M_DP0003,DP,DP,RNU,RANAU,C159-2,,LORONG,SAUJANA 11,TAMAN SAUJANA KINABALU,,89308.0,SABAH,MALAYSIA,5.929265023,116.6654192,5376438,In Service,"https://www.google.com/maps?q=5.929265023,116.665419224",RNU_C006M.csv,,
RNU_C007M_DP0004,DP,DP,RNU,RANAU,A29-21,,LORONG,SAUJANA 6,TAMAN SAUJANA KINABALU,,89308.0,SABAH,MALAYSIA,5.930890777,116.6648427,5376443,In Service,"https://www.google.com/maps?q=5.930890777,116.664842667",RNU_C006M.csv,,
RNU_C007M_DP0005,DP,DP,RNU,RANAU,C36-20,,LORONG,SAUJANA 4,TAMAN SAUJANA KINABALU,,89308.0,SABAH,MALAYSIA,5.931665252,116.6639544,5376455,In Service,"https://www.google.com/maps?q=5.931665252,116.663954373",RNU_C006M.csv,,
RNU_C007M_DP0006,DP,DP,RNU,RANAU,B70-26,,LORONG,SAUJANA 2,TAMAN SAUJANA KINABALU,,89308.0,SABAH,MALAYSIA,5.932104848,116.6636132,5376458,In Service,"https://www.google.com/maps?q=5.932104848,116.663613193",RNU_C006M.csv,,
RNU_C007M_DP0007,DP,DP,RNU,RANAU,C80-14,,LORONG,UTAMA SAUJANA,TAMAN SAUJANA KINABALU,,89308.0,SABAH,MALAYSIA,5.930887487,116.6636024,5399341,In Service,"https://www.google.com/maps?q=5.930887487,116.663602383",RNU_C006M.csv,,
RNU_C007M_DP0008,DP,DP,RNU,RANAU,Dec-42,,JALAN,BADUKAN,KAMPUNG BADUKAN,,89300.0,SABAH,MALAYSIA,5.916285166,116.6685495,5997992,In Service,"https://www.google.com/maps?q=5.916285166,116.668549504",RNU_C006M.csv,,
RNU_C007M_DP0009,DP,DP,RNU,RANAU,H10198,,JALAN,BADUKAN,KAMPUNG BADUKAN,,89300.0,SABAH,MALAYSIA,5.915475313,116.6675116,5997994,In Service,"https://www.google.com/maps?q=5.915475313,116.667511639",RNU_C006M.csv,,
RNU_C007M_DP0010,DP,DP,RNU,RANAU,H64283,,JALAN,BADUKAN,KAMPUNG BADUKAN,,89300.0,SABAH,MALAYSIA,5.924190908,116.6610252,5997999,In Service,"https://www.google.com/maps?q=5.924190908,116.661025178",RNU_C006M.csv,,
RNU_C007M_DP0011,DP,DP,RNU,RANAU,H64619,,JALAN,RANAU TAMBUNAN,KAMPUNG TIANG BARU,,89300.0,SABAH,MALAYSIA,5.933847555,116.659142,5998000,In Service,"https://www.google.com/maps?q=5.933847555,116.659142021",RNU_C006M.csv,,
RNU_C007M_DP0012,DP,DP,RNU,RANAU,C158-1,,LORONG,SAUJANA 11,TAMAN SAUJANA KINABALU,,89308.0,SABAH,MALAYSIA,5.929500144,116.6652661,6461848,In Service,"https://www.google.com/maps?q=5.929500144,116.665266135",RNU_C006M.csv,,
RNU_C007M_DP0013,DP,DP,RNU,RANAU,C57-1,,LORONG,SAUJANA 8,TAMAN SAUJANA KINABALU,,89308.0,SABAH,MALAYSIA,5.930567445,116.66623,6461880,In Service,"https://www.google.com/maps?q=5.930567445,116.666230001",RNU_C006M.csv,,
RNU_C007M_DP0014,DP,DP,RNU,RANAU,A27,,LORONG,SAUJANA 6,TAMAN SAUJANA KINABALU,,89308.0,SABAH,MALAYSIA,5.930751957,116.6646618,6461911,In Service,"https://www.google.com/maps?q=5.930751957,116.664661809",RNU_C006M.csv,,
RNU_C007M_DP0015,DP,DP,RNU,RANAU,C35,,LORONG,SAUJANA 4,TAMAN SAUJANA KINABALU,,89308.0,SABAH,MALAYSIA,5.930603908,116.6639385,6461921,In Service,"https://www.google.com/maps?q=5.930603908,116.663938548",RNU_C006M.csv,,
RNU_C007M_DP0016,DP,DP,RNU,RANAU,C3582,,LORONG,UTAMA SAUJANA,TAMAN SAUJANA KINABALU,,89308.0,SABAH,MALAYSIA,5.931488701,116.6637656,6461968,In Service,"https://www.google.com/maps?q=5.931488701,116.663765566",RNU_C006M.csv,,
RNU_C007M_DP001A,FTB,DP,RNU,RANAU,,,JALAN,RANAU TAMBUNAN,KAMPUNG KANDAWAYON,,89308.0,SABAH,MALAYSIA,5.92157535,116.6486267,5398845,In Service,"https://www.google.com/maps?q=5.92157535,116.648626667",RNU_C006M.csv,,
RNU_C007M_DP001B,FTB,DP,RNU,RANAU,,,JALAN,S.K KANDAWAYON,KAMPUNG TIANG BARU,,89300.0,SABAH,MALAYSIA,5.925769031,116.652443,8957093,In Service,"https://www.google.com/maps?q=5.92576903108667,116.652443007882",RNU_C006M.csv,,
RNU_C007M_DP001C,FTB,DP,RNU,RANAU,,,JALAN,S.K KANDAWAYON,KAMPUNG TIANG BARU,,89300.0,SABAH,MALAYSIA,5.929151154,116.655203,8956890,In Service,"https://www.google.com/maps?q=5.92915115412207,116.655203003286",RNU_C006M.csv,,
RNU_C007M_DP002A,FTB,DP,RNU,RANAU,Dec-83,,JALAN,AKADEMI MEMANDU RANAU,KAMPUNG TIANG BARU,,89300.0,SABAH,MALAYSIA,5.931939773,116.6625168,5998002,In Service,"https://www.google.com/maps?q=5.931939773,116.662516776",RNU_C006M.csv,,
RNU_C007M_DP003A,FTB,DP,RNU,RANAU,C212-3,,LORONG,SAUJANA 12,TAMAN SAUJANA KINABALU,,89308.0,SABAH,MALAYSIA,5.928895134,116.6649394,5376550,In Service,"https://www.google.com/maps?q=5.928895134,116.664939368",RNU_C006M.csv,,
RNU_C007M_DP003B,FTB,DP,RNU,RANAU,C263-3,,LORONG,SAUJANA 13,TAMAN SAUJANA KINABALU,,89308.0,SABAH,MALAYSIA,5.928623063,116.6644418,5376553,In Service,"https://www.google.com/maps?q=5.928623063,116.664441756",RNU_C006M.csv,,
RNU_C007M_DP004A,FTB,DP,RNU,RANAU,A58-19,,LORONG,SAUJANA 8,TAMAN SAUJANA KINABALU,,89308.0,SABAH,MALAYSIA,5.930438976,116.6651817,5376564,In Service,"https://www.google.com/maps?q=5.930438976,116.665181744",RNU_C006M.csv,,
RNU_C007M_DP004B,FTB,DP,RNU,RANAU,,,LORONG,SAUJANA,TAMAN SAUJANA KINABALU,,89308.0,SABAH,MALAYSIA,5.930045648,116.6656228,5399312,In Service,"https://www.google.com/maps?q=5.930045648,116.665622806",RNU_C006M.csv,,
RNU_C007M_DP005A,FTB,DP,RNU,RANAU,A10-20,,LORONG,SAUJANA 5,TAMAN SAUJANA KINABALU,,89308.0,SABAH,MALAYSIA,5.931217377,116.6643199,5376568,In Service,"https://www.google.com/maps?q=5.931217377,116.664319905",RNU_C006M.csv,,
RNU_C007M_DP006A,FTB,DP,RNU,RANAU,B91,,LORONG,SAUJANA 3,TAMAN SAUJANA KINABALU,,89308.0,SABAH,MALAYSIA,5.932650774,116.6628212,5376574,In Service,"https://www.google.com/maps?q=5.932650774,116.662821226",RNU_C006M.csv,,
RNU_C007M_DP007A,FTB,DP,RNU,RANAU,C100-34,,LORONG,UTAMA SAUJANA,TAMAN SAUJANA KINABALU,,89308.0,SABAH,MALAYSIA,5.929987273,116.6647706,5399386,In Service,"https://www.google.com/maps?q=5.929987273,116.664770564",RNU_C006M.csv,,
RNU_C007M_DP007B,FTB,DP,RNU,RANAU,C137-4,,LORONG,SAUJANA 7,TAMAN SAUJANA KINABALU,,89308.0,SABAH,MALAYSIA,5.930152943,116.6638992,5399391,In Service,"https://www.google.com/maps?q=5.930152943,116.663899231",RNU_C006M.csv,,
RNU_C007M_DP010A,FTB,DP,RNU,RANAU,,,JALAN,RANAU-TAMBUNAN,KAMPUNG TIANG BARU,,89300.0,SABAH,MALAYSIA,5.927012925,116.6591936,8851346,In Service,"https://www.google.com/maps?q=5.9270129254296,116.659193609852",RNU_C006M.csv,,
RNU_C007M_DP011A,FTB,DP,RNU,RANAU,Dec-41,,JALAN,RANAU TAMBUNAN,KAMPUNG TIANG BARU,,89300.0,SABAH,MALAYSIA,5.934305843,116.659257,5998004,In Service,"https://www.google.com/maps?q=5.934305843,116.659256956",RNU_C006M.csv,,
RNU_C007M_DP011B,FTB,DP,RNU,RANAU,,,JALAN,RANAU TAMBUNAN,PEKAN RANAU,,89300.0,SABAH,MALAYSIA,5.923832915,116.6594916,10723677,In Service,"https://www.google.com/maps?q=5.92383291463375,116.659491597258",RNU_C006M.csv,,
RNU_C007M_DP012A,FTB,DP,RNU,RANAU,C214-5,,LORONG,SAUJANA 12,TAMAN SAUJANA KINABALU,,89308.0,SABAH,MALAYSIA,5.92897449,116.6649137,6469573,In Service,"https://www.google.com/maps?q=5.92897449,116.664913749",RNU_C006M.csv,,
RNU_C007M_DP012B,FTB,DP,RNU,RANAU,C266-7,,LORONG,SAUJANA 13,TAMAN SAUJANA KINABALU,,89308.0,SABAH,MALAYSIA,5.92842505,116.6646086,6469578,In Service,"https://www.google.com/maps?q=5.92842505,116.66460864",RNU_C006M.csv,,
RNU_C007M_DP016A,FTB,DP,RNU,RANAU,A12-22,,LORONG,SAUJANA 5,TAMAN SAUJANA KINABALU,,89308.0,SABAH,MALAYSIA,5.931068225,116.6641408,6470084,In Service,"https://www.google.com/maps?q=5.931068225,116.664140819",RNU_C006M.csv,,
RNU_C008M,FDC,MINI FDC,RNU,RANAU,,,JALAN,SJK PAI WEN,RANAU,,89308.0,SABAH,MALAYSIA,5.949059809,116.6624224,5288185,In Service,"https://www.google.com/maps?q=5.949059809,116.662422354",RNU_C007M.csv,,
RNU_C008M_DP0001,DP,DP,RNU,RANAU,,,JALAN,SJK PAI WEN,RANAU,,89308.0,SABAH,MALAYSIA,5.948497412,116.6630122,5288243,In Service,"https://www.google.com/maps?q=5.948497412,116.663012186",RNU_C007M.csv,,
RNU_C008M_DP0002,DP,DP,RNU,RANAU,,,LORONG,MUHIBBAH 2,RANAU,,89308.0,SABAH,MALAYSIA,5.949262796,116.6630416,5332991,In Service,"https://www.google.com/maps?q=5.949262796,116.663041585",RNU_C007M.csv,,
RNU_C008M_DP0003,DP,DP,RNU,RANAU,,,JALAN,KIBARAMBANG,RANAU,,89308.0,SABAH,MALAYSIA,5.948184875,116.6605787,5333013,In Service,"https://www.google.com/maps?q=5.948184875,116.660578691",RNU_C007M.csv,,
RNU_C008M_DP0004,DP,DP,RNU,RANAU,,,JALAN,MUHIBBAH,RANAU,,89308.0,SABAH,MALAYSIA,5.947662611,116.662242,5333015,In Service,"https://www.google.com/maps?q=5.947662611,116.662242012",RNU_C007M.csv,,
RNU_C008M_DP0005,DP,DP,RNU,RANAU,,,LORONG,MUHIBBAH 7,RANAU,,89308.0,SABAH,MALAYSIA,5.943880968,116.6606341,5333020,In Service,"https://www.google.com/maps?q=5.943880968,116.660634133",RNU_C007M.csv,,
RNU_C008M_DP0006,DP,DP,RNU,RANAU,,,JALAN,MUHIBBAH 6,RANAU,,89308.0,SABAH,MALAYSIA,5.944565128,116.6623921,5294741,In Service,"https://www.google.com/maps?q=5.944565128,116.662392138",RNU_C007M.csv,,
RNU_C008M_DP0007,DP,DP,RNU,RANAU,,,JALAN,MUHIBBAH,RANAU,,89308.0,SABAH,MALAYSIA,5.945715773,116.660964,5294742,In Service,"https://www.google.com/maps?q=5.945715773,116.660963998",RNU_C007M.csv,,
RNU_C008M_DP0008,DP,DP,RNU,RANAU,HADAPAN RUMAH WARNA KELABU,,JALAN,MUHIBBAH,RANAU,,89308.0,SABAH,MALAYSIA,5.945145381,116.6605828,5930225,In Service,"https://www.google.com/maps?q=5.945145381,116.660582787",RNU_C007M.csv,,
RNU_C008M_DP0009,DP,DP,RNU,RANAU,,,LORONG,MUHIBBAH 12,RANAU,,89308.0,SABAH,MALAYSIA,5.944583384,116.6622522,5930254,In Service,"https://www.google.com/maps?q=5.944583384,116.662252195",RNU_C007M.csv,,
RNU_C008M_DP0010,DP,DP,RNU,RANAU,,,JALAN,MUHIBBAH 2,RANAU,,89308.0,SABAH,MALAYSIA,5.947537393,116.6622186,5930298,In Service,"https://www.google.com/maps?q=5.947537393,116.662218598",RNU_C007M.csv,,
RNU_C008M_DP0011,DP,DP,RNU,RANAU,,,JALAN,MUHIBBAH 2,RANAU,,89308.0,SABAH,MALAYSIA,5.947136527,116.6616066,5930300,In Service,"https://www.google.com/maps?q=5.947136527,116.66160658",RNU_C007M.csv,,
RNU_C008M_DP0012,DP,DP,RNU,RANAU,,,JALAN,MUHIBBAH 2,RANAU,,89308.0,SABAH,MALAYSIA,5.947732361,116.6616317,5930301,In Service,"https://www.google.com/maps?q=5.947732361,116.66163173",RNU_C007M.csv,,
RNU_C008M_DP0013,DP,DP,RNU,RANAU,,,JALAN,MUHIBBAH,RANAU,,89308.0,SABAH,MALAYSIA,5.948657205,116.6616993,5930317,In Service,"https://www.google.com/maps?q=5.948657205,116.661699286",RNU_C007M.csv,,
RNU_C008M_DP0014,DP,DP,RNU,RANAU,,,JALAN,MUHIBBAH 1,RANAU,,89308.0,SABAH,MALAYSIA,5.947485615,116.6629124,5930331,In Service,"https://www.google.com/maps?q=5.947485615,116.6629124",RNU_C007M.csv,,
RNU_C008M_DP0015,DP,DP,RNU,RANAU,,,JALAN,MUHIBBAH 1,RANAU,,89308.0,SABAH,MALAYSIA,5.948491703,116.6641105,5930333,In Service,"https://www.google.com/maps?q=5.948491703,116.664110516",RNU_C007M.csv,,
RNU_C008M_DP0016,DP,DP,RNU,RANAU,1,,JALAN,KIBARAMBANG,TAMAN SKY WORLD,,89300.0,SABAH,MALAYSIA,5.947946572,116.6604403,6163337,In Service,"https://www.google.com/maps?q=5.947946572,116.660440268",RNU_C007M.csv,,
RNU_C008M_DP001A,FTB,DP,RNU,RANAU,,,JALAN,SJK PAI WEN,RANAU,,89308.0,SABAH,MALAYSIA,5.948145364,116.6645936,5288249,In Service,"https://www.google.com/maps?q=5.948145364,116.664593618",RNU_C007M.csv,,
RNU_C008M_DP001B,FTB,DP,RNU,RANAU,,,JALAN,MUHIBBAH 1,RANAU,,89308.0,SABAH,MALAYSIA,5.94768053,116.6629204,5376211,In Service,"https://www.google.com/maps?q=5.94768053,116.662920392",RNU_C007M.csv,,
RNU_C008M_DP002A,FTB,DP,RNU,RANAU,,,LORONG,MUHIBBAH 1,RANAU,,89308.0,SABAH,MALAYSIA,5.949682022,116.6617389,5333035,In Service,"https://www.google.com/maps?q=5.949682022,116.661738949",RNU_C007M.csv,,
RNU_C008M_DP004A,FTB,DP,RNU,RANAU,,,LORONG,MUHIBBAH 3,RANAU,,89308.0,SABAH,MALAYSIA,5.948052925,116.6616599,5333037,In Service,"https://www.google.com/maps?q=5.948052925,116.661659893",RNU_C007M.csv,,
RNU_C008M_DP006A,FTB,DP,RNU,RANAU,,,LORONG,MUHIBBAH 6,RANAU,,89308.0,SABAH,MALAYSIA,5.944360713,116.661562,5333045,In Service,"https://www.google.com/maps?q=5.944360713,116.661562046",RNU_C007M.csv,,
RNU_C008M_DP007A,FTB,DP,RNU,RANAU,,,LORONG,MUHIBBAH 8,RANAU,,89308.0,SABAH,MALAYSIA,5.944897397,116.6609586,5333054,In Service,"https://www.google.com/maps?q=5.944897397,116.660958621",RNU_C007M.csv,,
RNU_C008M_DP009A,FTB,DP,RNU,RANAU,,,LORONG,MUHIBBAH 12,RANAU,,89308.0,SABAH,MALAYSIA,5.943541945,116.6616296,5945065,In Service,"https://www.google.com/maps?q=5.943541945,116.661629591",RNU_C007M.csv,,
RNU_C008M_DP010A,FTB,DP,RNU,RANAU,,,LORONG,MUHIBBAH 2,RANAU,,89308.0,SABAH,MALAYSIA,5.949301961,116.6623434,5967215,In Service,"https://www.google.com/maps?q=5.949301961,116.662343354",RNU_C007M.csv,,
RNU_C008M_DP010B,FTB,DP,RNU,RANAU,,,LORONG,MUHIBBAH 2,RANAU,,89308.0,SABAH,MALAYSIA,5.949106124,116.663462,5967219,In Service,"https://www.google.com/maps?q=5.949106124,116.663461973",RNU_C007M.csv,,
RNU_C009M,FDC,MINI FDC,RNU,RANAU,,,JALAN,KG KIMONDOU,RANAU,,89308.0,SABAH,MALAYSIA,5.944594866,116.6325687,5280092,In Service,"https://www.google.com/maps?q=5.944594866,116.6325687",RNU_C008M.csv,,
RNU_C009M_DP0001,DP,DP,RNU,RANAU,,,JALAN,KG KIMONDOU,RANAU,,89308.0,SABAH,MALAYSIA,5.945293352,116.6325116,5280253,In Service,"https://www.google.com/maps?q=5.945293352,116.6325116",RNU_C008M.csv,,
RNU_C009M_DP0002,DP,DP,RNU,RANAU,,,JALAN,KG KIMONDOU,RANAU,,89308.0,SABAH,MALAYSIA,5.944286183,116.6334671,5293178,In Service,"https://www.google.com/maps?q=5.944286183,116.6334671",RNU_C008M.csv,,
RNU_C009M_DP0003,DP,DP,RNU,RANAU,1,,JALAN,KAMPUNG KIBBAS,RANAU,,89300.0,SABAH,MALAYSIA,5.946729415,116.6344662,6431970,In Service,"https://www.google.com/maps?q=5.946729415,116.6344662",RNU_C008M.csv,,
RNU_C009M_DP0004,DP,DP,RNU,RANAU,1-Apr,,JALAN,KEPORINGAN,KAMPUNG KAPARINGAN,,89308.0,SABAH,MALAYSIA,5.944468856,116.6212764,6777315,In Service,"https://www.google.com/maps?q=5.944468856,116.6212764",RNU_C008M.csv,,
RNU_C009M_DP0005,DP,DP,RNU,RANAU,1-May,,JALAN,KEPORINGAN,KAMPUNG KAPARINGAN,,89308.0,SABAH,MALAYSIA,5.943433547,116.621916,6777322,In Service,"https://www.google.com/maps?q=5.943433547,116.621916",RNU_C008M.csv,,
RNU_C009M_DP0006,DP,DP,RNU,RANAU,1-Jun,,JALAN,KEPORINGAN,KAMPUNG KEPORINGAN,,89308.0,SABAH,MALAYSIA,5.943858004,116.6274092,6777323,In Service,"https://www.google.com/maps?q=5.943858004,116.6274092",RNU_C008M.csv,,
RNU_C009M_DP0007,DP,DP,RNU,RANAU,1-Jul,,JALAN,KIBBAS MOHIMBOYON,KAMPUNG KIBBAS,,89308.0,SABAH,MALAYSIA,5.944057793,116.6322111,6777327,In Service,"https://www.google.com/maps?q=5.944057793,116.6322111",RNU_C008M.csv,,
RNU_C009M_DP0008,DP,DP,RNU,RANAU,,,JALAN,KIBBAS MOHIMBOYON KUNDASANG,KAMPUNG PURAKAGIS,,89300.0,SABAH,MALAYSIA,5.932870795,116.6322712,9591770,In Service,"https://www.google.com/maps?q=5.932870795,116.6322712",RNU_C008M.csv,,
RNU_C009M_DP0009,DP,DP,RNU,RANAU,,,JALAN,KIBBAS MOHIMBOYON KUNDASANG,KAMPUNG PURAKAGIS,,89300.0,SABAH,MALAYSIA,5.934204205,116.6313212,9591771,In Service,"https://www.google.com/maps?q=5.934204205,116.6313212",RNU_C008M.csv,,
RNU_C009M_DP0010,DP,DP,RNU,RANAU,,,JALAN,KIBBAS MOHIMBOYON KUNDASANG,KAMPUNG PURAKAGIS,,89300.0,SABAH,MALAYSIA,5.93514859,116.6281004,9591733,In Service,"https://www.google.com/maps?q=5.93514859,116.6281004",RNU_C008M.csv,,
RNU_C009M_DP0011,DP,DP,RNU,RANAU,,,JALAN,KIBBAS MOHIMBOYON KUNDASANG,KAMPUNG PURAKAGIS,,89300.0,SABAH,MALAYSIA,5.935843688,116.6266606,9591734,In Service,"https://www.google.com/maps?q=5.935843688,116.6266606",RNU_C008M.csv,,
RNU_C009M_DP003A,FTB,DP,RNU,RANAU,2,,JALAN,KAMPUNG KIBBAS,PASIR PUTIH,,89300.0,SABAH,MALAYSIA,5.947056044,116.6351118,6432049,In Service,"https://www.google.com/maps?q=5.947056044,116.6351118",RNU_C008M.csv,,
RNU_C009M_DP004A,FTB,DP,RNU,RANAU,4A-1,,JALAN,KEPORINGAN,KAMPUNG KAPARINGAN,,89308.0,SABAH,MALAYSIA,5.945650498,116.6213131,6777356,In Service,"https://www.google.com/maps?q=5.945650498,116.6213131",RNU_C008M.csv,,
RNU_C009M_DP006A,FTB,DP,RNU,RANAU,6A-1,,JALAN,KEPORINGAN,KAMPUNG KEPORINGAN,,89308.0,SABAH,MALAYSIA,5.943523932,116.6253407,6777360,In Service,"https://www.google.com/maps?q=5.943523932,116.6253407",RNU_C008M.csv,,
RNU_C009M_DP009A,FTB,DP,RNU,RANAU,,,JALAN,KIBBAS MOHIMBOYON KUNDASANG,KAMPUNG PURAKAGIS,,89300.0,SABAH,MALAYSIA,5.935616434,116.6303596,9591735,In Service,"https://www.google.com/maps?q=5.935616434,116.6303596",RNU_C008M.csv,,
RNU_C010M,FDC,MINI FDC,RNU,RANAU,,,JALAN,MATAN KITUNTUL,TAMAN UJANA PRIMA,BERDEKATAN SIGNBOARD,89308.0,SABAH,MALAYSIA,5.935384944,116.6682231,5412223,In Service,"https://www.google.com/maps?q=5.935384944,116.668223144",RNU_C009M.csv,,
RNU_C010M_DP0001,DP,DP,RNU,RANAU,100,,JALAN,MATAN KITUNTUL,TAMAN UJANA PRIMA,,89308.0,SABAH,MALAYSIA,5.936813524,116.6666695,5412285,In Service,"https://www.google.com/maps?q=5.936813524,116.666669499",RNU_C009M.csv,,
RNU_C010M_DP0002,DP,DP,RNU,RANAU,121,,JALAN,MATAN KITUNTUL,TAMAN UJANA PRIMA,,89308.0,SABAH,MALAYSIA,5.935953069,116.6667453,5412289,In Service,"https://www.google.com/maps?q=5.935953069,116.666745305",RNU_C009M.csv,,
RNU_C010M_DP0003,DP,DP,RNU,RANAU,60,,JALAN,MATAN KITUNTUL,TAMAN UJANA PRIMA,,89308.0,SABAH,MALAYSIA,5.935635371,116.6678748,5412292,In Service,"https://www.google.com/maps?q=5.935635371,116.667874833",RNU_C009M.csv,,
RNU_C010M_DP0004,DP,DP,RNU,RANAU,10,,JALAN,MATAN KITUNTUL,TAMAN UJANA PRIMA,,89308.0,SABAH,MALAYSIA,5.935868759,116.6685594,5412293,In Service,"https://www.google.com/maps?q=5.935868759,116.668559414",RNU_C009M.csv,,
RNU_C010M_DP0005,DP,DP,RNU,RANAU,H1528,,JALAN,MATAN KITUNTUL,KAMPUNG MATAN,,89300.0,SABAH,MALAYSIA,5.941330005,116.6703272,6000348,In Service,"https://www.google.com/maps?q=5.941330005,116.670327249",RNU_C009M.csv,,
RNU_C010M_DP0006,DP,DP,RNU,RANAU,H23224,,JALAN,MATAN KITUNTUL,KAMPUNG MATAN,,89300.0,SABAH,MALAYSIA,5.939148329,116.6667706,6000352,In Service,"https://www.google.com/maps?q=5.939148329,116.666770565",RNU_C009M.csv,,
RNU_C010M_DP0007,DP,DP,RNU,RANAU,,,JALAN,MATAN KITUNTUL,KAMPUNG SILOU,,89300.0,SABAH,MALAYSIA,5.938367396,116.6656225,6480512,In Service,"https://www.google.com/maps?q=5.938367396,116.665622545",RNU_C009M.csv,,
RNU_C010M_DP0008,DP,DP,RNU,RANAU,,,JALAN,MATAN KITUNTUL,KAMPUNG SILOU,,89300.0,SABAH,MALAYSIA,5.935263902,116.6668798,6480514,In Service,"https://www.google.com/maps?q=5.935263902,116.666879837",RNU_C009M.csv,,
RNU_C010M_DP0009,DP,DP,RNU,RANAU,,,JALAN,MATAN KITUNTUL,KAMPUNG SILOU,,89300.0,SABAH,MALAYSIA,5.935250272,116.6674443,6480516,In Service,"https://www.google.com/maps?q=5.935250272,116.667444311",RNU_C009M.csv,,
RNU_C010M_DP0010,DP,DP,RNU,RANAU,,,JALAN,MATAN KITUNTUL,TAMAN UJANA PRIMA,,89308.0,SABAH,MALAYSIA,5.936102809,116.6674359,6480529,In Service,"https://www.google.com/maps?q=5.936102809,116.66743594",RNU_C009M.csv,,
RNU_C010M_DP0011,DP,DP,RNU,RANAU,,,JALAN,MATAN KITUNTUL,TAMAN UJANA PRIMA,,89308.0,SABAH,MALAYSIA,5.936807739,116.6667306,6480535,In Service,"https://www.google.com/maps?q=5.936807739,116.666730559",RNU_C009M.csv,,
RNU_C010M_DP0012,DP,DP,RNU,RANAU,,,JALAN,MATAN KITUNTUL,KAMPUNG MATAN,,89300.0,SABAH,MALAYSIA,5.940659714,116.6702313,7721172,In Service,"https://www.google.com/maps?q=5.940659714,116.6702313",RNU_C009M.csv,,
RNU_C010M_DP001A,FTB,DP,RNU,RANAU,151,,JALAN,MATAN KITUNTUL,TAMAN UJANA PRIMA,,89308.0,SABAH,MALAYSIA,5.936195274,116.6661343,5412299,In Service,"https://www.google.com/maps?q=5.936195274,116.666134268",RNU_C009M.csv,,
RNU_C010M_DP003A,FTB,DP,RNU,RANAU,76,,JALAN,MATAN KITUNTUL,TAMAN UJANA PRIMA,,89308.0,SABAH,MALAYSIA,5.935636068,116.667169,5412301,In Service,"https://www.google.com/maps?q=5.935636068,116.667168989",RNU_C009M.csv,,
RNU_C010M_DP004A,FTB,DP,RNU,RANAU,23,,JALAN,MATAN KITUNTUL,TAMAN UJANA PRIMA,,89308.0,SABAH,MALAYSIA,5.936637772,116.668388,5412304,In Service,"https://www.google.com/maps?q=5.936637772,116.668388023",RNU_C009M.csv,,
RNU_C010M_DP005A,FTB,DP,RNU,RANAU,H92993,,JALAN,MATAN KITUNTUL,KAMPUNG MATAN RANAU,,89300.0,SABAH,MALAYSIA,5.942878861,116.6722731,6000537,In Service,"https://www.google.com/maps?q=5.942878861,116.672273074",RNU_C009M.csv,,
RNU_C010M_DP005B,FTB,DP,RNU,RANAU,Dec-48,,JALAN,MATAN KITUNTUL,KAMPUNG MATAN RANAU,,89300.0,SABAH,MALAYSIA,5.942188101,116.6733349,6000541,In Service,"https://www.google.com/maps?q=5.942188101,116.673334934",RNU_C009M.csv,,
RNU_C010M_DP006A,FTB,DP,RNU,RANAU,H16001,,JALAN,MATAN KITUNTUL,KAMPUNG MATAN RANAU,,89300.0,SABAH,MALAYSIA,5.939745121,116.6679069,6000545,In Service,"https://www.google.com/maps?q=5.939745121,116.667906859",RNU_C009M.csv,,
RNU_C010M_DP007A,FTB,DP,RNU,RANAU,53,,JALAN,MATAN KITUNTUL,KAMPUNG MATAN RANAU,,89300.0,SABAH,MALAYSIA,5.939234172,116.6675869,7022861,In Service,"https://www.google.com/maps?q=5.939234172,116.667586867",RNU_C009M.csv,,
RNU_C010M_DP007B,FTB,DP,RNU,RANAU,56,,JALAN,MATAN KITUNTUL,KAMPUNG MATAN RANAU,,89300.0,SABAH,MALAYSIA,5.940064246,116.6694054,7022890,In Service,"https://www.google.com/maps?q=5.940064246,116.669405399",RNU_C009M.csv,,
RNU_C010M_DP012A,FTB,DP,RNU,RANAU,,,JALAN,KAMPUNG MATAN,KAMPUNG MATAN,,89300.0,SABAH,MALAYSIA,5.939415715,116.6679711,8772434,In Service,"https://www.google.com/maps?q=5.9394157147086,116.667971078382",RNU_C009M.csv,,
RNU_C011M,FDC,MINI FDC,RNU,RANAU,,,JALAN,TAMBUNAN RANAU,TMN PASIR PUTIH,,89308.0,SABAH,MALAYSIA,5.938309196,116.659132,5326276,In Service,"https://www.google.com/maps?q=5.938309196,116.65913198",RNU_C010M.csv,RNU_C011M.csv,
RNU_C011M_DP0001,DP,DP,RNU,RANAU,LOT 18,,JALAN,TAMBUNAN RANAU,TMN GOLF VIEW,,89308.0,SABAH,MALAYSIA,5.940368597,116.6613355,5326299,In Service,"https://www.google.com/maps?q=5.940368597,116.661335454",RNU_C010M.csv,RNU_C011M.csv,
RNU_C011M_DP0002,DP,DP,RNU,RANAU,LOT 2,,JALAN,TAMBUNAN RANAU,TMN GOLF VIEW,,89308.0,SABAH,MALAYSIA,5.939657719,116.6607078,5326321,In Service,"https://www.google.com/maps?q=5.939657719,116.660707848",RNU_C010M.csv,RNU_C011M.csv,
RNU_C011M_DP0003,DP,DP,RNU,RANAU,LOT 19,,JALAN,TMN PASIR PUTIH,TMN PASIR PUTIH,,89308.0,SABAH,MALAYSIA,5.939327776,116.6592596,5326334,In Service,"https://www.google.com/maps?q=5.939327776,116.659259587",RNU_C010M.csv,RNU_C011M.csv,
RNU_C011M_DP0004,DP,DP,RNU,RANAU,LOT 30,,JALAN,TMN PASIR PUTIH 1,TMN PASIR PUTIH,,89308.0,SABAH,MALAYSIA,5.938844932,116.6593679,5326356,In Service,"https://www.google.com/maps?q=5.938844932,116.659367942",RNU_C010M.csv,RNU_C011M.csv,
RNU_C011M_DP0005,DP,DP,RNU,RANAU,LOT 18 (SAMA BOX DP0001),,JALAN,TAMBUNAN RANAU,TMN GOLF VIEW,,89308.0,SABAH,MALAYSIA,5.94040815,116.6613692,6131763,In Service,"https://www.google.com/maps?q=5.94040815,116.661369247",RNU_C010M.csv,RNU_C011M.csv,
RNU_C011M_DP0006,DP,DP,RNU,RANAU,LOT 2 (SAMA BOX DP0002),,JALAN,TAMBUNAN RANAU,TMN GOLF VIEW,,89308.0,SABAH,MALAYSIA,5.939705817,116.6607382,6131771,In Service,"https://www.google.com/maps?q=5.939705817,116.660738191",RNU_C010M.csv,RNU_C011M.csv,
RNU_C011M_DP0007,DP,DP,RNU,RANAU,LOT 30 (SAMA BOX DP0004),,JALAN,TMN PASIR PUTIH 1,TMN PASIR PUTIH,,89308.0,SABAH,MALAYSIA,5.938873643,116.6594191,6131777,In Service,"https://www.google.com/maps?q=5.938873643,116.659419127",RNU_C010M.csv,RNU_C011M.csv,
RNU_C011M_DP0008,DP,DP,RNU,RANAU,CLUB HOUSE,,JALAN,TAMBUNAN RANAU,KAMPUNG PASIR PUTIH,,89300.0,SABAH,MALAYSIA,5.938133029,116.6604123,6131788,In Service,"https://www.google.com/maps?q=5.938133029,116.660412319",RNU_C010M.csv,RNU_C011M.csv,
RNU_C011M_DP0009,DP,DP,RNU,RANAU,H27068,,JALAN,TAMBUNAN RANAU,KAMPUNG PASIR PUTIH,,89300.0,SABAH,MALAYSIA,5.93818672,116.6592956,6131790,In Service,"https://www.google.com/maps?q=5.93818672,116.65929563",RNU_C010M.csv,RNU_C011M.csv,
RNU_C011M_DP0010,DP,DP,RNU,RANAU,H1307,,JALAN,TAMBUNAN RANAU,KAMPUNG PASIR PUTIH,,89300.0,SABAH,MALAYSIA,5.936684374,116.6584175,6131793,In Service,"https://www.google.com/maps?q=5.936684374,116.658417453",RNU_C010M.csv,RNU_C011M.csv,
RNU_C011M_DP0011,DP,DP,RNU,RANAU,,,JALAN,RANAU-TAMBUNAN,KAMPUNG PASIR PUTIH,,89308.0,SABAH,MALAYSIA,5.936598161,116.6619289,6561792,In Service,"https://www.google.com/maps?q=5.936598161,116.661928868",RNU_C010M.csv,RNU_C011M.csv,
RNU_C011M_DP0012,DP,DP,RNU,RANAU,,,JALAN,RANAU-TAMBUNAN,KAMPUNG PASIR PUTIH,,89308.0,SABAH,MALAYSIA,5.936979361,116.6611915,6561794,In Service,"https://www.google.com/maps?q=5.936979361,116.66119152",RNU_C010M.csv,RNU_C011M.csv,
RNU_C011M_DP0013,DP,DP,RNU,RANAU,,,JALAN,RANAU-TAMBUNAN,KAMPUNG PASIR PUTIH,,89308.0,SABAH,MALAYSIA,5.937322312,116.6604086,6561795,In Service,"https://www.google.com/maps?q=5.937322312,116.660408607",RNU_C010M.csv,RNU_C011M.csv,
RNU_C011M_DP004A,FTB,DP,RNU,RANAU,,,JALAN,TMN PASIR PUTIH,TMN PASIR PUTIH,,89308.0,SABAH,MALAYSIA,5.938779517,116.658882,5326365,In Service,"https://www.google.com/maps?q=5.938779517,116.658882036",RNU_C010M.csv,RNU_C011M.csv,
RNU_C011M_DP008A,FTB,DP,RNU,RANAU,Dec-61,,JALAN,RANAU TAMBUNAN,KAMPUNG PASIR PUTIH,,89300.0,SABAH,MALAYSIA,5.937330979,116.6617273,6131810,In Service,"https://www.google.com/maps?q=5.937330979,116.661727301",RNU_C010M.csv,RNU_C011M.csv,
RNU_C011M_DP008B,FTB,DP,RNU,RANAU,H13298,,JALAN,RANAU TAMBUNAN,KAMPUNG PASIR PUTIH,,89300.0,SABAH,MALAYSIA,5.936655816,116.6631665,6131813,In Service,"https://www.google.com/maps?q=5.936655816,116.663166541",RNU_C010M.csv,RNU_C011M.csv,
RNU_C011M_DP009A,FTB,DP,RNU,RANAU,48,,JALAN,RANAU TAMBUNAN,TAMAN PASIR PUTIH,BLOK E,89300.0,SABAH,MALAYSIA,5.938911543,116.6587596,6131821,In Service,"https://www.google.com/maps?q=5.938911543,116.658759625",RNU_C010M.csv,RNU_C011M.csv,
RNU_C011M_DP010A,FTB,,RNU,RANAU,125489,-,JALAN,NIL,KG SUMAANG,-,89307.0,SABAH,MALAYSIA,5.937283,116.659222,10671723,In Service,"https://www.google.com/maps?q=5.937283,116.659222",RNU_C010M.csv,RNU_C011M.csv,
RNU_C011M_DP011A,FTB,DP,RNU,RANAU,,,JALAN,RANAU-TAMBUNAN,KAMPUNG PASIR PUTIH,,89308.0,SABAH,MALAYSIA,5.935934087,116.6630738,6598680,In Service,"https://www.google.com/maps?q=5.935934087,116.663073814",RNU_C010M.csv,RNU_C011M.csv,
RNU_C013M,FDC,MINI FDC,RNU,RANAU,,,JALAN,MARAKAU KINAPULIDAN KIGIOK,KAMPUNG KITUNTUL LAMA,,89300.0,SABAH,MALAYSIA,5.934652675,116.6889128,6235606,In Service,"https://www.google.com/maps?q=5.934652675,116.688912816",RNU_C012M.csv,,
RNU_C013M_DP0001,DP,DP,RNU,RANAU,H14244,,JALAN,KITUNTUL LAMA,KAMPUNG KITUNTUL LAMA,,89300.0,SABAH,MALAYSIA,5.93292983,116.6885061,6235611,In Service,"https://www.google.com/maps?q=5.93292983,116.688506101",RNU_C012M.csv,,
RNU_C013M_DP0002,DP,DP,RNU,RANAU,,,JALAN,MARAKAU KINAPULIDAN,KAMPUNG KINAPULIDAN,,89300.0,SABAH,MALAYSIA,5.924323496,116.6816693,6461081,In Service,"https://www.google.com/maps?q=5.924323496,116.681669276",RNU_C012M.csv,,
RNU_C013M_DP0003,DP,DP,RNU,RANAU,,,JALAN,MARAKAU KINAPULIDAN,KAMPUNG KINAPULIDAN,,89300.0,SABAH,MALAYSIA,5.923599415,116.6818446,6461100,In Service,"https://www.google.com/maps?q=5.923599415,116.681844595",RNU_C012M.csv,,
RNU_C013M_DP0004,DP,DP,RNU,RANAU,,,JALAN,MARAKAU KINAPULIDAN,KAMPUNG KINAPULIDAN,,89300.0,SABAH,MALAYSIA,5.921436467,116.6814889,6461104,In Service,"https://www.google.com/maps?q=5.921436467,116.681488922",RNU_C012M.csv,,
RNU_C013M_DP0005,DP,DP,RNU,RANAU,,,JALAN,MARAKAU KINAPULIDAN,KAMPUNG KINAPULIDAN,,89300.0,SABAH,MALAYSIA,5.922025883,116.6821632,6461108,In Service,"https://www.google.com/maps?q=5.922025883,116.682163185",RNU_C012M.csv,,
RNU_C013M_DP0006,DP,DP,RNU,RANAU,,,JALAN,MARAKAU KINAPULIDAN,KAMPUNG KINAPULIDAN,,89300.0,SABAH,MALAYSIA,5.921352377,116.6833843,6461111,In Service,"https://www.google.com/maps?q=5.921352377,116.683384337",RNU_C012M.csv,,
RNU_C013M_DP0007,DP,DP,RNU,RANAU,,,JALAN,MARAKAU KINAPULIDAN,KAMPUNG KINAPULIDAN,,89300.0,SABAH,MALAYSIA,5.92114167,116.6848301,6461115,In Service,"https://www.google.com/maps?q=5.92114167,116.684830072",RNU_C012M.csv,,
RNU_C013M_DP0008,DP,DP,RNU,RANAU,61,,JALAN,KITUNTUL LAMA,KAMPUNG KITUNTUL LAMA,,89300.0,SABAH,MALAYSIA,5.932850483,116.6882874,7138368,In Service,"https://www.google.com/maps?q=5.932850483,116.688287412",RNU_C012M.csv,,
RNU_C013M_DP0009,DP,DP,RNU,RANAU,65,,JALAN,MARAKAU KINAPULIDAN,KAMPUNG KINAPULIDAN,,89300.0,SABAH,MALAYSIA,5.922412457,116.6825181,7201265,In Service,"https://www.google.com/maps?q=5.922412457,116.682518084",RNU_C012M.csv,,
RNU_C013M_DP001A,FTB,DP,RNU,RANAU,H76537,,JALAN,MARAKAU KINAPULANA KIGIOK,KAMPUNG KITUNTUL LAMA,,89300.0,SABAH,MALAYSIA,5.934952382,116.6890069,6235744,In Service,"https://www.google.com/maps?q=5.934952382,116.689006875",RNU_C012M.csv,,
RNU_C013M_DP001B,FTB,DP,RNU,RANAU,H44291,,JALAN,MARAKAU KINAPULANA KIGIOK,KAMPUNG KITUNTUL LAMA,,89300.0,SABAH,MALAYSIA,5.928096874,116.685898,6235749,In Service,"https://www.google.com/maps?q=5.928096874,116.685898006",RNU_C012M.csv,,
RNU_C014M,FDC,MINI FDC,RNU,RANAU,1,,JALAN,MARAKAU,KAMPUNG MARAKAU,,89300.0,SABAH,MALAYSIA,5.94561605,116.6930016,6243267,In Service,"https://www.google.com/maps?q=5.94561605,116.693001562",RNU_C013M.csv,,
RNU_C014M_DP0001,DP,DP,RNU,RANAU,H01678,,JALAN,KAMPUNG LIBANG,KAMPUNG LIBANG,,89300.0,SABAH,MALAYSIA,5.955637548,116.6938121,6243270,In Service,"https://www.google.com/maps?q=5.955637548,116.693812055",RNU_C013M.csv,,
RNU_C014M_DP0002,DP,DP,RNU,RANAU,H59235,,JALAN,MARAKAU,KAMPUNG MARAKAU,,89300.0,SABAH,MALAYSIA,5.946198772,116.6932306,6243272,In Service,"https://www.google.com/maps?q=5.946198772,116.693230601",RNU_C013M.csv,,
RNU_C014M_DP0003,DP,,RNU,RANAU,,,JALAN,KAMPUNG LIBANG,KAMPUNG MARAKAU,,89300.0,SABAH,MALAYSIA,5.948240614,116.6931968,7267981,In Service,"https://www.google.com/maps?q=5.948240614,116.69319679",RNU_C013M.csv,,
RNU_C014M_DP0004,DP,,RNU,RANAU,,,JALAN,LIBANG MARAKAU,KAMPUNG TUDANGAN,,89300.0,SABAH,MALAYSIA,5.969059286,116.7015188,7536859,In Service,"https://www.google.com/maps?q=5.969059286,116.7015188",RNU_C013M.csv,,
RNU_C014M_DP0005,DP,,RNU,RANAU,,,JALAN,LIBANG MARAKAU,KAMPUNG LIBANG,,89300.0,SABAH,MALAYSIA,5.961673023,116.6951554,7536863,In Service,"https://www.google.com/maps?q=5.961673023,116.6951554",RNU_C013M.csv,,
RNU_C014M_DP0006,DP,,RNU,RANAU,,,JALAN,LIBANG MARAKAU,KAMPUNG LIBANG,,89300.0,SABAH,MALAYSIA,5.959365092,116.6939309,7513704,In Service,"https://www.google.com/maps?q=5.959365092,116.6939309",RNU_C013M.csv,,
RNU_C014M_DP0007,DP,,RNU,RANAU,,,JALAN,LIBANG MARAKAU,KAMPUNG LIBANG,,89300.0,SABAH,MALAYSIA,5.957145433,116.6945377,7513707,In Service,"https://www.google.com/maps?q=5.957145433,116.6945377",RNU_C013M.csv,,
RNU_C014M_DP0008,DP,,RNU,RANAU,,,JALAN,LIBANG MARAKAU,KAMPUNG LIBANG,,89300.0,SABAH,MALAYSIA,5.955955015,116.6939665,7513715,In Service,"https://www.google.com/maps?q=5.955955015,116.6939665",RNU_C013M.csv,,
RNU_C014M_DP001A,FTB,DP,RNU,RANAU,2,,JALAN,KAMPUNG LIBANG,KAMPUNG LIBANG,,89300.0,SABAH,MALAYSIA,5.957524451,116.6944501,6243273,In Service,"https://www.google.com/maps?q=5.957524451,116.694450101",RNU_C013M.csv,,
RNU_C014M_DP002A,FTB,DP,RNU,RANAU,5569,,JALAN,KAMPUNG MARAKAU,KAMPUNG MARAKAU,,89300.0,SABAH,MALAYSIA,5.9484612,116.6927475,6243275,In Service,"https://www.google.com/maps?q=5.9484612,116.692747456",RNU_C013M.csv,,
RNU_C014M_DP004A,FTB,DP,RNU,RANAU,,,JALAN,LIBANG MARAKAU,KAMPUNG TUDANGAN,,89300.0,SABAH,MALAYSIA,,,7536872,In Service,,RNU_C013M.csv,,
RNU_C014M_DP004B,FTB,DP,RNU,RANAU,,,JALAN,LIBANG MARAKAU,KAMPUNG TUDANGAN,,89300.0,SABAH,MALAYSIA,,,7536874,In Service,,RNU_C013M.csv,,
RNU_C014M_DP005A,FTB,DP,RNU,RANAU,,,JALAN,LIBANG MARAKAU,KAMPUNG LIBANG,,89300.0,SABAH,MALAYSIA,,,7536876,In Service,,RNU_C013M.csv,,
RNU_C014M_DP007A,FTB,DP,RNU,RANAU,,,JALAN,LIBANG MARAKAU,KAMPUNG LIBANG,,89300.0,SABAH,MALAYSIA,,,7513716,In Service,,RNU_C013M.csv,,
RNU_C014M_DP008A,FTB,DP,RNU,RANAU,,,JALAN,LIBANG MARAKAU,KAMPUNG LIBANG,,89300.0,SABAH,MALAYSIA,,,7513847,In Service,,RNU_C013M.csv,,
RNU_C015M,FDC,MINI FDC,RNU,RANAU,,,JALAN,PORING,KAMPUNG RANDAGONG,,89308.0,SABAH,MALAYSIA,6.024103319,116.7427462,6547106,In Service,"https://www.google.com/maps?q=6.024103319,116.742746184",RNU_C014M.csv,,
RNU_C015M_DP0001,DP,DP,RNU,RANAU,1,,JALAN,LOHAN BONGKUD,KAMPUNG RANDAGONG,,89308.0,SABAH,MALAYSIA,6.010882309,116.7337478,6549847,In Service,"https://www.google.com/maps?q=6.010882309,116.733747817",RNU_C014M.csv,,
RNU_C015M_DP0002,DP,DP,RNU,RANAU,9,,JALAN,LOHAN BONGKUD,KAMPUNG RANDAGONG,,89308.0,SABAH,MALAYSIA,6.013038565,116.7329211,6549852,In Service,"https://www.google.com/maps?q=6.013038565,116.732921075",RNU_C014M.csv,,
RNU_C015M_DP0003,DP,DP,RNU,RANAU,17,,JALAN,LOHAN BONGKUD,KAMPUNG RANDAGONG,,89308.0,SABAH,MALAYSIA,6.020797191,116.7410309,6549855,In Service,"https://www.google.com/maps?q=6.020797191,116.7410309",RNU_C014M.csv,,
RNU_C015M_DP0004,DP,DP,RNU,RANAU,25,,JALAN,LOHAN BONGKUD,KAMPUNG RANDAGONG,,89308.0,SABAH,MALAYSIA,6.023195376,116.7426106,6549859,In Service,"https://www.google.com/maps?q=6.023195376,116.742610559",RNU_C014M.csv,,
RNU_C015M_DP0005,DP,DP,RNU,RANAU,33,,JALAN,LOHAN BONGKUD,KAMPUNG RANDAGONG,,89308.0,SABAH,MALAYSIA,6.024167206,116.7412044,6549869,In Service,"https://www.google.com/maps?q=6.024167206,116.741204439",RNU_C014M.csv,,
RNU_C015M_DP0006,DP,DP,RNU,RANAU,49,,JALAN,BONGKUD SINGARON,KAMPUNG BONGKUD,,89308.0,SABAH,MALAYSIA,6.024138371,116.7496151,6549886,In Service,"https://www.google.com/maps?q=6.024138371,116.749615129",RNU_C014M.csv,,
RNU_C015M_DP0007,DP,DP,RNU,RANAU,7,,JALAN,PORING,KAMPUNG NAMPASAN BARU,,89308.0,SABAH,MALAYSIA,6.028870533,116.7248659,7023408,In Service,"https://www.google.com/maps?q=6.028870533,116.724865935",RNU_C014M.csv,,
RNU_C015M_DP0008,DP,DP,RNU,RANAU,8,,JALAN,PORING,KAMPUNG NAMPASAN BARU,,89308.0,SABAH,MALAYSIA,6.02994133,116.7251081,7023412,In Service,"https://www.google.com/maps?q=6.02994133,116.725108102",RNU_C014M.csv,,
RNU_C015M_DP0009,DP,DP,RNU,RANAU,9,,JALAN,PORING,KAMPUNG NAMPASAN BARU,,89308.0,SABAH,MALAYSIA,6.028365867,116.7296985,7023415,In Service,"https://www.google.com/maps?q=6.028365867,116.729698538",RNU_C014M.csv,,
RNU_C015M_DP0010,DP,DP,RNU,RANAU,101,,JALAN,LOHAN BONGKUD,KAMPUNG LOHAN 1,,89308.0,SABAH,MALAYSIA,6.008321694,116.7275509,7201098,In Service,"https://www.google.com/maps?q=6.008321694,116.727550941",RNU_C014M.csv,,
RNU_C015M_DP0011,DP,DP,RNU,RANAU,109,,JALAN,LOHAN BONGKUD,KAMPUNG LOHAN 1,,89308.0,SABAH,MALAYSIA,6.006619349,116.7295777,7201158,In Service,"https://www.google.com/maps?q=6.006619349,116.729577748",RNU_C014M.csv,,
RNU_C015M_DP0012,DP,,RNU,RANAU,,,JALAN,LOHAN BONGKUD,KAMPUNG RANDAGONG,,89308.0,SABAH,MALAYSIA,6.012533904,116.7349684,7267997,In Service,"https://www.google.com/maps?q=6.012533904,116.734968401",RNU_C014M.csv,,
RNU_C015M_DP0013,DP,DP,RNU,RANAU,,,JALAN,LOHAN BONGKUD,RANAU,,89300.0,SABAH,MALAYSIA,6.01113612,116.7340413,10071196,In Service,"https://www.google.com/maps?q=6.01113612047284,116.734041273262",RNU_C014M.csv,,
RNU_C015M_DP001A,FTB,DP,RNU,RANAU,,,JALAN,JALAN KAMPUNG LOHAN,KAMPUNG LOHAN,,89308.0,SABAH,MALAYSIA,6.010080395,116.7330786,6802429,In Service,"https://www.google.com/maps?q=6.010080395,116.733078638",RNU_C014M.csv,,
RNU_C015M_DP001B,FTB,DP,RNU,RANAU,,,JALAN,JALAN KAMPUNG LOHAN,KG RANDAGONG BARU,,89308.0,SABAH,MALAYSIA,6.008528653,116.731799,6802432,In Service,"https://www.google.com/maps?q=6.008528653,116.73179904",RNU_C014M.csv,,
RNU_C015M_DP002A,FTB,DP,RNU,RANAU,,,JALAN,JALAN KAMPUNG LOHAN,KAMPUNG LOHAN SKIM DUA,,89308.0,SABAH,MALAYSIA,6.012244108,116.7322615,6802437,In Service,"https://www.google.com/maps?q=6.012244108,116.732261474",RNU_C014M.csv,,
RNU_C015M_DP002B,FTB,DP,RNU,RANAU,,,JALAN,JALAN KAMPUNG LOHAN,KAMPUNG LOHAN,,89308.0,SABAH,MALAYSIA,6.014874444,116.7256847,6802511,In Service,"https://www.google.com/maps?q=6.014874444,116.725684683",RNU_C014M.csv,,
RNU_C015M_DP002C,FTB,DP,RNU,RANAU,,,JALAN,JALAN KAMPUNG LOHAN,KAMPUNG LOHAN,,89308.0,SABAH,MALAYSIA,6.017078287,116.7243492,6802513,In Service,"https://www.google.com/maps?q=6.017078287,116.724349208",RNU_C014M.csv,,
RNU_C015M_DP002D,FTB,DP,RNU,RANAU,,,JALAN,JALAN NAMPASAN BARU,KAMPUNG LOHAN SKIM DUA,,89308.0,SABAH,MALAYSIA,6.010737337,116.7280976,6802527,In Service,"https://www.google.com/maps?q=6.010737337,116.72809764",RNU_C014M.csv,,
RNU_C015M_DP003A,FTB,DP,RNU,RANAU,,,JALAN,JALAN KAMPUNG LOHAN,KAMPUNG LOHAN,,89308.0,SABAH,MALAYSIA,6.018683614,116.7393601,6802422,In Service,"https://www.google.com/maps?q=6.018683614,116.739360121",RNU_C014M.csv,,
RNU_C015M_DP003B,FTB,DP,RNU,RANAU,,,JALAN,JALAN KAMPUNG LOHAN,KAMPUNG LOHAN,,89308.0,SABAH,MALAYSIA,6.019619532,116.7380588,6802425,In Service,"https://www.google.com/maps?q=6.019619532,116.738058773",RNU_C014M.csv,,
RNU_C015M_DP005A,FTB,DP,RNU,RANAU,,,JALAN,JALAN KAMPUNG LOHAN,KAMPUNG LOHAN,,89308.0,SABAH,MALAYSIA,6.026426751,116.7365907,6802874,In Service,"https://www.google.com/maps?q=6.026426751,116.736590748",RNU_C014M.csv,,
RNU_C015M_DP005B,FTB,DP,RNU,RANAU,,,JALAN,JALAN KAMPUNG LOHAN,KAMPUNG LOHAN,,89308.0,SABAH,MALAYSIA,6.028093916,116.7334747,6802875,In Service,"https://www.google.com/maps?q=6.028093916,116.733474706",RNU_C014M.csv,,
RNU_C015M_DP006A,FTB,,RNU,RANAU,NJ 99187510,,JALAN,RANAU PORING,KAMPUNG BONGKUD,,,SABAH,MALAYSIA,6.0241525,116.7493667,11281714,In Service,"https://www.google.com/maps?q=6.0241525,116.7493667",RNU_C014M.csv,,
RNU_C015M_DP007A,FTB,DP,RNU,RANAU,7A,,JALAN,JALAN PORING,KAMPUNG NAMPASAN BARU,,89308.0,SABAH,MALAYSIA,6.0281586,116.7272431,7023446,In Service,"https://www.google.com/maps?q=6.0281586,116.727243084",RNU_C014M.csv,,
RNU_C015M_DP008A,FTB,DP,RNU,RANAU,8A,,JALAN,JALAN PORING,KAMPUNG NAMPASAN BARU,,89308.0,SABAH,MALAYSIA,6.031659634,116.7227671,7023462,In Service,"https://www.google.com/maps?q=6.031659634,116.722767079",RNU_C014M.csv,,
RNU_C015M_DP009A,FTB,DP,RNU,RANAU,9A,,JALAN,JALAN PORING,KAMPUNG NAMPASAN BARU,,89308.0,SABAH,MALAYSIA,6.03022923,116.7265204,7023502,In Service,"https://www.google.com/maps?q=6.03022923,116.726520448",RNU_C014M.csv,,
RNU_C015M_DP010A,FTB,DP,RNU,RANAU,,,JALAN,LOHAN BONGKUD,KAMPUNG LOHAN 1,,89308.0,SABAH,MALAYSIA,6.006983284,116.7255906,7213017,In Service,"https://www.google.com/maps?q=6.006983284,116.72559063",RNU_C014M.csv,,
RNU_C015M_DP011A,FTB,DP,RNU,RANAU,,,JALAN,LOHAN BONGKUD,KAMPUNG LOHAN 1,,89308.0,SABAH,MALAYSIA,6.007401543,116.7285173,7213018,In Service,"https://www.google.com/maps?q=6.007401543,116.728517309",RNU_C014M.csv,,
RNU_C015M_DP012A,FTB,DP,RNU,RANAU,,,JALAN,LOHAN BONGKUD,KAMPUNG RANDAGONG,,89308.0,SABAH,MALAYSIA,6.013645754,116.7357555,7269646,In Service,"https://www.google.com/maps?q=6.013645754,116.735755521",RNU_C014M.csv,,
RNU_C015M_DP012B,FTB,DP,RNU,RANAU,,,JALAN,LOHAN BONGKUD,RANAU,,89300.0,SABAH,MALAYSIA,6.008691,116.732158,8228315,In Service,"https://www.google.com/maps?q=6.008691,116.732158",RNU_C014M.csv,,
RNU_C015M_DP012C,FTB,DP,RNU,RANAU,BY NMO,,JALAN,LOHAN BONGKUD,RANAU,,89300.0,SABAH,MALAYSIA,6.006871092,116.7315457,9247701,In Service,"https://www.google.com/maps?q=6.00687109224815,116.731545676469",RNU_C014M.csv,,
RNU_C015M_DP013A,FTB,DP,RNU,RANAU,99528203,,JALAN,LOHAN PORING,KAMPUNG LOHAN,,89308.0,SABAH,MALAYSIA,6.010001359,116.7304736,11375711,In Service,"https://www.google.com/maps?q=6.01000135889138,116.730473561482",RNU_C014M.csv,,
RNU_C016M,FDC,MINI FDC,RNU,RANAU,,,JALAN,BONGKUD SIGARON BARU,KAMPUNG BONGKUD,,89308.0,SABAH,MALAYSIA,6.022074095,116.7546785,6547144,In Service,"https://www.google.com/maps?q=6.022074095,116.754678482",RNU_C015M.csv,,
RNU_C016M_DP0001,DP,DP,RNU,RANAU,1,,JALAN,BONGKUD SINGARON BARU,KAMPUNG BONGKUD,,89308.0,SABAH,MALAYSIA,6.016677857,116.7615053,6549908,In Service,"https://www.google.com/maps?q=6.016677857,116.76150534",RNU_C015M.csv,,
RNU_C016M_DP0002,DP,DP,RNU,RANAU,9,,JALAN,BONGKUD SINGARON BARU,KAMPUNG BONGKUD,,89308.0,SABAH,MALAYSIA,6.018447234,116.7593569,6549946,In Service,"https://www.google.com/maps?q=6.018447234,116.759356924",RNU_C015M.csv,,
RNU_C016M_DP0003,DP,DP,RNU,RANAU,17,,JALAN,BONGKUD SINGARON BARU,KAMPUNG BONGKUD,,89308.0,SABAH,MALAYSIA,6.020874903,116.7549639,6549950,In Service,"https://www.google.com/maps?q=6.020874903,116.754963931",RNU_C015M.csv,,
RNU_C016M_DP0004,DP,DP,RNU,RANAU,25,,JALAN,BONGKUD SINGARON BARU,KAMPUNG BONGKUD,,89308.0,SABAH,MALAYSIA,6.022049441,116.7578283,6549951,In Service,"https://www.google.com/maps?q=6.022049441,116.757828265",RNU_C015M.csv,,
RNU_C016M_DP0005,DP,DP,RNU,RANAU,33,,JALAN,BONGKUD SINGARON BARU,KAMPUNG BONGKUD,,89308.0,SABAH,MALAYSIA,6.022051418,116.7560286,6549956,In Service,"https://www.google.com/maps?q=6.022051418,116.756028602",RNU_C015M.csv,,
RNU_C016M_DP0006,DP,DP,RNU,RANAU,41,,JALAN,BONGKUD SINGARON BARU,KAMPUNG BONGKUD,,89308.0,SABAH,MALAYSIA,6.02220042,116.7554843,6549958,In Service,"https://www.google.com/maps?q=6.02220042,116.755484308",RNU_C015M.csv,,
RNU_C016M_DP0007,DP,DP,RNU,RANAU,49,,JALAN,BONGKUD SINGARON BARU,KAMPUNG BONGKUD,,89308.0,SABAH,MALAYSIA,6.022561296,116.7545725,6549963,In Service,"https://www.google.com/maps?q=6.022561296,116.754572538",RNU_C015M.csv,,
RNU_C016M_DP0008,DP,DP,RNU,RANAU,,,JALAN,SK BONGKUD,KAMPUNG BONGKUD,,89308.0,SABAH,MALAYSIA,6.018541523,116.7610361,7444662,In Service,"https://www.google.com/maps?q=6.018541523,116.7610361",RNU_C015M.csv,,
RNU_C016M_DP0009,DP,DP,RNU,RANAU,,,JALAN,KAMPUNG BUNGKUD,KAMPUNG BONGKUD,,89300.0,SABAH,MALAYSIA,6.020372757,116.7586462,8231071,In Service,"https://www.google.com/maps?q=6.020372757,116.7586462",RNU_C015M.csv,,
RNU_C016M_DP0010,DP,DP,RNU,RANAU,,,JALAN,KAMPUNG BUNGKUD,KAMPUNG BONGKUD,,89300.0,SABAH,MALAYSIA,6.020872744,116.7600848,8231072,In Service,"https://www.google.com/maps?q=6.020872744,116.7600848",RNU_C015M.csv,,
RNU_C016M_DP0011,DP,DP,RNU,RANAU,,,JALAN,KAMPUNG BUNGKUD,KAMPUNG BONGKUD,,89300.0,SABAH,MALAYSIA,6.022992962,116.7602506,8369604,In Service,"https://www.google.com/maps?q=6.022992962,116.7602506",RNU_C015M.csv,,
RNU_C016M_DP0012,DP,DP,RNU,RANAU,,,JALAN,SK BONGKUD,KAMPUNG BONGKUD,,89300.0,SABAH,MALAYSIA,6.017983692,116.7594371,8950507,In Service,"https://www.google.com/maps?q=6.01798369221051,116.759437079803",RNU_C015M.csv,,
RNU_C016M_DP002A,FTB,DP,RNU,RANAU,,,JALAN,BONGKUD SINGARON BARU,KAMPUNG BONGKUD,,89308.0,SABAH,MALAYSIA,6.017135923,116.7611156,6801680,In Service,"https://www.google.com/maps?q=6.017135923,116.76111564",RNU_C015M.csv,,
RNU_C016M_DP002B,FTB,DP,RNU,RANAU,,,JALAN,BONGKUD SINGARON BARU,KAMPUNG BONGKUD,,89300.0,SABAH,MALAYSIA,6.017792833,116.7609839,6801702,In Service,"https://www.google.com/maps?q=6.017792833,116.760983885",RNU_C015M.csv,,
RNU_C016M_DP003A,FTB,DP,RNU,RANAU,,,JALAN,BONGKUD SINGARON BARU,KAMPUNG BONGKUD,,89308.0,SABAH,MALAYSIA,6.020285734,116.7582237,6801675,In Service,"https://www.google.com/maps?q=6.020285734,116.758223738",RNU_C015M.csv,,
RNU_C016M_DP004A,FTB,DP,RNU,RANAU,,,JALAN,BONGKUD SINGARON BARU,KAMPUNG BONGKUD,,89308.0,SABAH,MALAYSIA,6.022556478,116.7583928,6801686,In Service,"https://www.google.com/maps?q=6.022556478,116.758392835",RNU_C015M.csv,,
RNU_C016M_DP004B,FTB,DP,RNU,RANAU,,,JALAN,BONGKUD SINGARON BARU,KAMPUNG BONGKUD,,89300.0,SABAH,MALAYSIA,6.02124398,116.7593929,6801710,In Service,"https://www.google.com/maps?q=6.02124398,116.759392931",RNU_C015M.csv,,
RNU_C016M_DP006A,FTB,DP,RNU,RANAU,,,JALAN,BONGKUD SINGARON BARU,KAMPUNG BONGKUD,,89308.0,SABAH,MALAYSIA,6.021864552,116.7573299,7268113,In Service,"https://www.google.com/maps?q=6.021864552,116.757329863",RNU_C015M.csv,,
RNU_C016M_DP008A,FTB,DP,RNU,RANAU,,,JALAN,SK BONGKUD,KAMPUNG BONGKUD,,89300.0,SABAH,MALAYSIA,,,8228687,In Service,,RNU_C015M.csv,,
RNU_C017M,FDC,MINI FDC,RNU,RANAU,,,JALAN,BONGKUD SIGARON BARU,KAMPUNG NARAWANG,,89308.0,SABAH,MALAYSIA,6.007283751,116.7791468,6547154,In Service,"https://www.google.com/maps?q=6.007283751,116.779146832",RNU_C016M.csv,,
RNU_C017M_DP0001,DP,DP,RNU,RANAU,1,,JALAN,NARAWANG,KAMPUNG NARAWANG,,89308.0,SABAH,MALAYSIA,6.006515209,116.7811529,6994665,In Service,"https://www.google.com/maps?q=6.006515209,116.781152903",RNU_C016M.csv,,
RNU_C017M_DP0002,DP,DP,RNU,RANAU,9,,JALAN,NARAWANG,KAMPUNG NARAWANG,,89308.0,SABAH,MALAYSIA,6.006215796,116.7804299,6994667,In Service,"https://www.google.com/maps?q=6.006215796,116.780429866",RNU_C016M.csv,,
RNU_C017M_DP0003,DP,DP,RNU,RANAU,17,,JALAN,NARAWANG,KAMPUNG NARAWANG,,89308.0,SABAH,MALAYSIA,6.006942791,116.7790921,6994669,In Service,"https://www.google.com/maps?q=6.006942791,116.779092146",RNU_C016M.csv,,
RNU_C017M_DP0004,DP,DP,RNU,RANAU,9,,JALAN,NARAWANG,KAMPUNG NARAWANG,(SATU BOX DP2),89308.0,SABAH,MALAYSIA,6.006215796,116.7804299,7721257,In Service,"https://www.google.com/maps?q=6.006215796,116.780429866",RNU_C016M.csv,,
RNU_C017M_DP002A,FTB,DP,RNU,RANAU,13,,JALAN,NARAWANG,KAMPUNG NARAWANG,,89308.0,SABAH,MALAYSIA,6.005832707,116.779503,6994674,In Service,"https://www.google.com/maps?q=6.005832707,116.77950295",RNU_C016M.csv,,
RNU_C017M_DP003A,FTB,DP,RNU,RANAU,21,,JALAN,NARAWANG,KAMPUNG NARAWANG,,89308.0,SABAH,MALAYSIA,6.006061553,116.7790523,6994858,In Service,"https://www.google.com/maps?q=6.006061553,116.779052258",RNU_C016M.csv,,
RNU_C017M_DP003B,FTB,DP,RNU,RANAU,,,JALAN,NARAWANG,KAMPUNG NARAWANG,,89308.0,SABAH,MALAYSIA,,,7721259,In Service,,RNU_C016M.csv,,
RNU_C019M,FDC,MINI FDC,RNU,RANAU,,,JALAN,TOGOP PORING,KAMPUNG NAPONG 2,,89308.0,SABAH,MALAYSIA,6.042283914,116.7524181,6547180,In Service,"https://www.google.com/maps?q=6.042283914,116.752418137",RNU_C017M.csv,,
RNU_C019M_DP0001,DP,DP,RNU,RANAU,,,JALAN,PORING,KAMPUNG PORING,,89308.0,SABAH,MALAYSIA,6.04168604,116.7545135,6800769,In Service,"https://www.google.com/maps?q=6.04168604,116.754513529",RNU_C017M.csv,,
RNU_C019M_DP0002,DP,DP,RNU,RANAU,,,JALAN,PORING,KAMPUNG PORING,,89308.0,SABAH,MALAYSIA,6.041282395,116.7533685,6800771,In Service,"https://www.google.com/maps?q=6.041282395,116.753368471",RNU_C017M.csv,,
RNU_C019M_DP0003,DP,DP,RNU,RANAU,-,-,JALAN,KG NAPONG DUA,KAMPUNG NAPONG II,,89300.0,SABAH,MALAYSIA,6.043107565,116.760196,10522307,In Service,"https://www.google.com/maps?q=6.04310756487211,116.760195997609",RNU_C017M.csv,,
RNU_C019M_DP0004,DP,DP,RNU,RANAU,,,JALAN,KG NAPONG DUA,KAMPUNG NAPONG II,,89300.0,SABAH,MALAYSIA,6.044837548,116.7595599,10522308,In Service,"https://www.google.com/maps?q=6.04483754846184,116.75955993661",RNU_C017M.csv,,
RNU_C019M_DP0005,DP,DP,RNU,RANAU,,,JALAN,KG NAPONG DUA,KAMPUNG NAPONG II,,89300.0,SABAH,MALAYSIA,6.046054828,116.7583354,10522309,In Service,"https://www.google.com/maps?q=6.04605482821896,116.758335415786",RNU_C017M.csv,,
RNU_C019M_DP0006,DP,DP,RNU,RANAU,,,JALAN,KG NAPONG DUA,KAMPUNG NAPONG II,,89300.0,SABAH,MALAYSIA,6.042880009,116.7551953,10522310,In Service,"https://www.google.com/maps?q=6.04288000861951,116.755195327435",RNU_C017M.csv,,
RNU_C019M_DP001A,FTB,DP,RNU,RANAU,,,JALAN,KG NAPONG DUA,KAMPUNG NAPONG II,,89300.0,SABAH,MALAYSIA,6.043674654,116.7584201,10522312,In Service,"https://www.google.com/maps?q=6.04367465435379,116.758420103549",RNU_C017M.csv,,
RNU_C019M_DP003A,FTB,DP,RNU,RANAU,,,JALAN,KG NAPONG DUA,KAMPUNG NAPONG II,,89300.0,SABAH,MALAYSIA,6.043935503,116.760943,10522294,In Service,"https://www.google.com/maps?q=6.04393550304797,116.760943028205",RNU_C017M.csv,,
RNU_C019M_DP005A,FTB,DP,RNU,RANAU,,,JALAN,KG NAPONG DUA,KAMPUNG NAPONG II,,89300.0,SABAH,MALAYSIA,6.04156099,116.7562354,10522295,In Service,"https://www.google.com/maps?q=6.04156099045586,116.756235416452",RNU_C017M.csv,,
RNU_C019M_DP006A,FTB,DP,RNU,RANAU,,,JALAN,KG NAPONG DUA,KAMPUNG NAPONG II,,89300.0,SABAH,MALAYSIA,6.041872808,116.7529978,10522311,In Service,"https://www.google.com/maps?q=6.0418728075746,116.752997802437",RNU_C017M.csv,,
RNU_C024,FDC,DP,RNU,RANAU,,,JALAN,PURU-PURU,KAMPUNG PURU-PURU,,89308.0,SABAH,MALAYSIA,5.95422178,116.6690497,6787269,In Service,,,,SIte List (18).csv
RNU_C024_DP0001,DP,DP,RNU,RANAU,T10704,,JALAN,LINGKUDAU LAMA KITUNTUL,KAMPUNG LINGKUDAU,,89300.0,SABAH,MALAYSIA,5.943911497,116.6766879,6787358,In Service,,,,SIte List (18).csv
RNU_C024_DP0002,DP,DP,RNU,RANAU,T10705,,JALAN,LINGKUDAU LAMA KITUNTUL,KAMPUNG LINGKUDAU,,89300.0,SABAH,MALAYSIA,5.946735249,116.6758439,6787366,In Service,,,,SIte List (18).csv
RNU_C024_DP0003,DP,DP,RNU,RANAU,Dec-18,,JALAN,LINGKUDAU LAMA KITUNTUL,KAMPUNG LINGKUDAU,,89300.0,SABAH,MALAYSIA,5.949607071,116.6749042,6787370,In Service,,,,SIte List (18).csv
RNU_C024_DP0004,DP,DP,RNU,RANAU,H13628,,JALAN,LINGKUDAU LAMA KITUNTUL,KAMPUNG LINGKUDAU,,89300.0,SABAH,MALAYSIA,5.951111587,116.672036,6787373,In Service,,,,SIte List (18).csv
RNU_C024_DP0005,DP,DP,RNU,RANAU,JKR4986,,JALAN,LINGKUDAU MATAN KITUNTUL,KAMPUNG LINGKUDAU,,89300.0,SABAH,MALAYSIA,5.952797024,116.671053,6787386,In Service,,,,SIte List (18).csv
RNU_C024_DP0006,DP,DP,RNU,RANAU,1,,JALAN,SMK MAT SALLEH,SMK MAT SALLEH,,89300.0,SABAH,MALAYSIA,5.950527875,116.6697169,6787388,In Service,,,,SIte List (18).csv
RNU_C024_DP0007,DP,DP,RNU,RANAU,60792,,JALAN,KAMPUNG PAKA 2,KAMPUNG KAMPUNG PAKA 2,,89308.0,SABAH,MALAYSIA,5.950193783,116.6677441,6787393,In Service,,,,SIte List (18).csv
RNU_C024_DP0008,DP,DP,RNU,RANAU,2,,JALAN,MASJID,QUARTERS PERTANIAN BARU,,89300.0,SABAH,MALAYSIA,5.951472964,116.6675739,6787396,In Service,,,,SIte List (18).csv
RNU_C024_DP0009,DP,DP,RNU,RANAU,PEJABAT PERPUSTAKAAN RANAU,,JALAN,TAMBUNAN OFF JLN SESB,PEJABAT PERPUSTAKAAN RANAU,,89300.0,SABAH,MALAYSIA,5.951827843,116.6665435,6787401,In Service,,,,SIte List (18).csv
RNU_C024_DP0010,DP,DP,RNU,RANAU,PEJABAT LEMBAGA LETRIK,,JALAN,TAMBUNAN,SESB RANAU,,89300.0,SABAH,MALAYSIA,5.953056877,116.6679188,6787405,In Service,,,,SIte List (18).csv
RNU_C024_DP0011,DP,DP,RNU,RANAU,SMK MAT SALLEH,,JALAN,PENDIDIKAN,SMK MAT SALLEH,,89300.0,SABAH,MALAYSIA,5.952132981,116.6698739,6787407,In Service,,,,SIte List (18).csv
RNU_C024_DP0012,DP,DP,RNU,RANAU,3,,JALAN,SRK PEKAN,SRK PEKAN RANAU,RUMAH KAKITANGAN SRK PEKAN,89300.0,SABAH,MALAYSIA,5.952939157,116.6692728,6787412,In Service,,,,SIte List (18).csv
RNU_C024_DP0013,DP,DP,RNU,RANAU,5741,,JALAN,RUMAH REHAT,KAMPUNG KIMOLOHING,,89300.0,SABAH,MALAYSIA,5.956173975,116.671955,6787413,In Service,,,,SIte List (18).csv
RNU_C024_DP0014,DP,DP,RNU,RANAU,H59190,,JALAN,RUMAH REHAT,BERDEKATAN JABATAN TANAH UKUR RANAU,,89308.0,SABAH,MALAYSIA,5.955546497,116.6699759,6787415,In Service,,,,SIte List (18).csv
RNU_C024_DP0015,DP,DP,RNU,RANAU,H27204,,JALAN,KIMOLOHING,KAMPUNG KIMOLOHING,,89300.0,SABAH,MALAYSIA,5.955762655,116.6691507,6787416,In Service,,,,SIte List (18).csv
RNU_C024_DP0016,DP,DP,RNU,RANAU,H9779,,JALAN,PURU-PURU,KAMPUNG PURU-PURU,,89300.0,SABAH,MALAYSIA,5.953291346,116.672745,6787421,In Service,,,,SIte List (18).csv
RNU_C024_DP0017,DP,DP,RNU,RANAU,G1,,JALAN,HOSPITAL,QUARTERS PERGIGIAN,,89300.0,SABAH,MALAYSIA,5.953455002,116.6723031,6787422,In Service,,,,SIte List (18).csv
RNU_C024_DP0018,DP,DP,RNU,RANAU,5,,JALAN,HOSPITAL,HOSPITAL DAERAH RANAU,,89300.0,SABAH,MALAYSIA,5.95411451,116.6711282,6787433,In Service,,,,SIte List (18).csv
RNU_C024_DP0019,DP,DP,RNU,RANAU,PWD4815,,JALAN,HOSPITAL,HOSPITAL DAERAH RANAU,,8930.0,SABAH,MALAYSIA,5.954926142,116.6709459,6787440,In Service,,,,SIte List (18).csv
RNU_C024_DP001A,FTB,DP,RNU,RANAU,,,JALAN,LINGKUDAU LAMA KITUNTUL,KAMPUNG LINGKUDAU,,89300.0,SABAH,MALAYSIA,5.942703883,116.6754346,9151130,In Service,,,,SIte List (18).csv
RNU_C024_DP0020,DP,DP,RNU,RANAU,6,,JALAN,HOSPITAL,HOSPITAL SUPPORT SERVICE,,89300.0,SABAH,MALAYSIA,5.954395643,116.6701688,6787445,In Service,,,,SIte List (18).csv
RNU_C024_DP0021,DP,DP,RNU,RANAU,,,JALAN,LINGKUDAU LAMA KITUNTUL,KAMPUNG LINGKUDAU,,89300.0,SABAH,MALAYSIA,5.948006828,116.675254,7453613,In Service,,,,SIte List (18).csv
RNU_C024_DP0022,DP,DP,RNU,RANAU,,,JALAN,LINGKUDAU LAMA KITUNTUL,KAMPUNG LINGKUDAU,,89300.0,SABAH,MALAYSIA,5.948386697,116.6758463,7453618,In Service,,,,SIte List (18).csv
RNU_C024_DP0023,DP,DP,RNU,RANAU,,,JALAN,LINGKUDAU LAMA KITUNTUL,KAMPUNG LINGKUDAU,,89300.0,SABAH,MALAYSIA,5.950175553,116.6738731,7453690,In Service,,,,SIte List (18).csv
RNU_C024_DP0024,DP,DP,RNU,RANAU,,,JALAN,LINGKUDAU LAMA KITUNTUL,KAMPUNG LINGKUDAU,,89300.0,SABAH,MALAYSIA,5.950569366,116.6728921,7453696,In Service,,,,SIte List (18).csv
RNU_C024_DP0025,DP,DP,RNU,RANAU,,,JALAN,LINGKUDAU MATAN KITUNTUL,KAMPUNG LINGKUDAU,,89300.0,SABAH,MALAYSIA,5.94638932,116.6724178,7453706,In Service,,,,SIte List (18).csv
RNU_C024_DP0026,DP,DP,RNU,RANAU,,,JALAN,LINGKUDAU MATAN KITUNTUL,KAMPUNG LINGKUDAU,,89300.0,SABAH,MALAYSIA,5.94798106,116.6724743,7453707,In Service,,,,SIte List (18).csv
RNU_C024_DP0027,DP,DP,RNU,RANAU,,,JALAN,LINGKUDAU MATAN KITUNTUL,KAMPUNG LINGKUDAU,,89300.0,SABAH,MALAYSIA,5.948712751,116.6724436,7453709,In Service,,,,SIte List (18).csv
RNU_C024_DP0028,DP,DP,RNU,RANAU,,,JALAN,MASJID LAMA,KAMPUNG LINGKUDAU,,89300.0,SABAH,MALAYSIA,5.950128899,116.6715985,7453718,In Service,,,,SIte List (18).csv
RNU_C024_DP0029,DP,DP,RNU,RANAU,,,JALAN,MASJID LAMA,KAMPUNG LINGKUDAU,,89300.0,SABAH,MALAYSIA,5.939404719,116.6736894,7827688,In Service,,,,SIte List (18).csv
RNU_C024_DP0030,DP,DP,RNU,RANAU,,,JALAN,MASJID LAMA,KAMPUNG LINGKUDAU,,89300.0,SABAH,MALAYSIA,5.940181827,116.6734804,7827689,In Service,,,,SIte List (18).csv
RNU_C024_DP0031,DP,DP,RNU,RANAU,,,JALAN,MASJID LAMA,KAMPUNG LINGKUDAU,,89300.0,SABAH,MALAYSIA,5.943948409,116.6773498,7827690,In Service,,,,SIte List (18).csv
RNU_C024_DP0032,DP,DP,RNU,RANAU,,,JALAN,MASJID LAMA,KAMPUNG LINGKUDAU,,89300.0,SABAH,MALAYSIA,5.947759617,116.6779736,7827695,In Service,,,,SIte List (18).csv
RNU_C024_DP0033,DP,DP,RNU,RANAU,,,JALAN,MASJID LAMA,KAMPUNG LINGKUDAU,,89300.0,SABAH,MALAYSIA,5.947036098,116.6770399,7827696,In Service,,,,SIte List (18).csv
RNU_C024_DP0034,DP,DP,RNU,RANAU,,,JALAN,MATAN KITUNTUL,KAMPUNG MATAN,,89300.0,SABAH,MALAYSIA,5.941738685,116.6723275,11009587,In Service,,,,SIte List (18).csv
RNU_C024_DP0035,DP,DP,RNU,RANAU,,,JALAN,LINGKUDAU LAMA KITUNTUL,KAMPUNG LINGKUDAU,JABATAN PERKHIDMATAN PEMBENTUNGAN RANAU,89308.0,SABAH,MALAYSIA,5.951872409,116.675346,11084874,In Service,,,,SIte List (18).csv
RNU_C024_DP0036,DP,DP,RNU,RANAU,G,,JALAN,RANAU TAMBUNAN,HOSPITAL DAERAH,MAJLIS DAERAH RANAU,89307.0,SABAH,MALAYSIA,5.9548117,116.6691043,11184838,In Service,,,,SIte List (18).csv
RNU_C024_DP004A,FTB,DP,RNU,RANAU,RF20445,,JALAN,LINGKUDAU,KAMPUNG LINGKUDAU,,89300.0,SABAH,MALAYSIA,5.949494863,116.6723436,6868159,In Service,,,,SIte List (18).csv
RNU_C024_DP013A,FTB,DP,RNU,RANAU,DPN JBTN PHN RANAU,,JALAN,RUMAH REHAT,KAMPUNG PURU-PURU,,89307.0,SABAH,MALAYSIA,5.955207707,116.6705992,9994626,In Service,,,,SIte List (18).csv
RNU_C024_DP016A,FTB,DP,RNU,RANAU,H9779,,JALAN,PURU-PURU,KAMPUNG PURU-PURU,,89300.0,SABAH,MALAYSIA,5.952879926,116.6738068,6787470,In Service,,,,SIte List (18).csv
RNU_C024_DP018A,FTB,,RNU,RANAU,WDT 27,,JALAN,HOSPITAL,PEKAN RANAU,KLINIK PERGIGIAN RANAU,89308.0,SABAH,,5.953234,116.67099,10668733,In Service,,,,SIte List (18).csv
RNU_C024_DP022A,FTB,DP,RNU,RANAU,22A,,JALAN,NAMAUS,KAMPUNG LINGKUDAU,BY NMO,89300.0,SABAH,MALAYSIA,5.947796,116.67705,7674700,Planned,,,,SIte List (18).csv
RNU_C024_DP031A,FTB,DP,RNU,RANAU,,,JALAN,LINGKUDAU,,,89300.0,SABAH,MALAYSIA,,,7827702,In Service,,,,SIte List (18).csv
RNU_C024_DP031B,FTB,DP,RNU,RANAU,,,JALAN,LINGKUDAU,,,89300.0,SABAH,MALAYSIA,,,7827703,In Service,,,,SIte List (18).csv
RNU_C024_DP031C,FTB,DP,RNU,RANAU,,,JALAN,LINGKUDAU,,,89300.0,SABAH,MALAYSIA,,,7827704,In Service,,,,SIte List (18).csv
RNU_C021M,FDC,MINI FDC,RNU,RANAU,,,JALAN,RANAU-TAMBUNAN,PASIR PUTIH,,89308.0,SABAH,MALAYSIA,5.948139662,116.6669024,6359221,In Service,,,,SIte List (15).csv
RNU_C021M_DP0001,DP,DP,RNU,RANAU,,,JALAN,RANAU-TAMBUNAN,PASIR PUTIH,,89308.0,SABAH,MALAYSIA,5.941056985,116.6648608,6359232,In Service,,,,SIte List (15).csv
RNU_C021M_DP0002,DP,DP,RNU,RANAU,,,JALAN,RANAU-TAMBUNAN,PASIR PUTIH,,89308.0,SABAH,MALAYSIA,5.942625382,116.6642768,6359245,In Service,,,,SIte List (15).csv
RNU_C021M_DP0003,DP,DP,RNU,RANAU,,,JALAN,RANAU-TAMBUNAN,PASIR PUTIH,,89308.0,SABAH,MALAYSIA,5.94417842,116.6638249,6359251,In Service,,,,SIte List (15).csv
RNU_C021M_DP0004,DP,DP,RNU,RANAU,,,JALAN,RANAU-TAMBUNAN,PASIR PUTIH,,89308.0,SABAH,MALAYSIA,5.944739685,116.6640719,6359252,In Service,,,,SIte List (15).csv
RNU_C021M_DP0005,DP,DP,RNU,RANAU,,,JALAN,RANAU-TAMBUNAN,PASIR PUTIH,,89308.0,SABAH,MALAYSIA,5.944619763,116.6645649,6359253,In Service,,,,SIte List (15).csv
RNU_C021M_DP0006,DP,DP,RNU,RANAU,,,JALAN,RANAU-TAMBUNAN,PASIR PUTIH,,89308.0,SABAH,MALAYSIA,5.944184862,116.6645587,6359254,In Service,,,,SIte List (15).csv
RNU_C021M_DP0007,DP,DP,RNU,RANAU,,,JALAN,RANAU-TAMBUNAN,PASIR PUTIH,,89308.0,SABAH,MALAYSIA,5.943849524,116.6642087,6359257,In Service,,,,SIte List (15).csv
RNU_C021M_DP0008,DP,DP,RNU,RANAU,,,JALAN,RANAU-TAMBUNAN,PASIR PUTIH,,89308.0,SABAH,MALAYSIA,5.944153732,116.6653691,6359263,In Service,,,,SIte List (15).csv
RNU_C021M_DP0009,DP,DP,RNU,RANAU,,,JALAN,RANAU-TAMBUNAN,PASIR PUTIH,,89308.0,SABAH,MALAYSIA,5.945144863,116.6657052,6359265,In Service,,,,SIte List (15).csv
RNU_C021M_DP0010,DP,DP,RNU,RANAU,,,JALAN,RANAU-TAMBUNAN,PAKA 2,,89308.0,SABAH,MALAYSIA,5.946098864,116.6678297,6359270,In Service,,,,SIte List (15).csv
RNU_C021M_DP0011,DP,DP,RNU,RANAU,,,JALAN,RANAU-TAMBUNAN,PASIR PUTIH,,89308.0,SABAH,MALAYSIA,5.945341736,116.6671182,6359272,In Service,,,,SIte List (15).csv
RNU_C021M_DP0012,DP,DP,RNU,RANAU,,,JALAN,RANAU-TAMBUNAN,PASIR PUTIH,,89308.0,SABAH,MALAYSIA,5.94574165,116.6661654,6359273,In Service,,,,SIte List (15).csv
RNU_C021M_DP0013,DP,DP,RNU,RANAU,,,JALAN,RANAU-TAMBUNAN,PASIR PUTIH,,89308.0,SABAH,MALAYSIA,5.946564381,116.6661723,6359296,In Service,,,,SIte List (15).csv
RNU_C021M_DP0014,DP,DP,RNU,RANAU,,,JALAN,RANAU-TAMBUNAN,PASIR PUTIH,,89308.0,SABAH,MALAYSIA,5.948527064,116.6669636,6359297,In Service,,,,SIte List (15).csv
RNU_C021M_DP0015,DP,DP,RNU,RANAU,,,JALAN,RANAU-TAMBUNAN,KAMPUNG PASIR PUTIH,,89308.0,SABAH,MALAYSIA,5.940920906,116.6652121,6561593,In Service,,,,SIte List (15).csv
RNU_C021M_DP0016,DP,DP,RNU,RANAU,,,JALAN,RANAU-TAMBUNAN,KAMPUNG PAKA 2,,89300.0,SABAH,MALAYSIA,5.943866284,116.6641258,9152618,In Service,,,,SIte List (15).csv
RNU_C021M_DP002A,FTB,DP,RNU,RANAU,,,JALAN,RANAU-TAMBUNAN,PASIR PUTIH,,89308.0,SABAH,MALAYSIA,5.942968797,116.6631051,6359342,In Service,,,,SIte List (15).csv
RNU_C021M_DP006A,FTB,DP,RNU,RANAU,,,JALAN,KIABURI,KIABURI PLAZA,,89300.0,SABAH,MALAYSIA,5.94437155,116.6641843,10761953,In Service,,,,SIte List (15).csv
RNU_C021M_DP007A,FTB,DP,RNU,RANAU,15,G,JALAN,RANAU-TAMBUNAN,PEKAN KIABURI,KIABURI PLAZA,89300.0,SABAH,MALAYSIA,,,6392222,In Service,,,,SIte List (15).csv
RNU_C021M_DP010A,FTB,DP,RNU,RANAU,,,JALAN,RANKO,PASIR PUTIH,,89308.0,SABAH,MALAYSIA,5.9442145,116.6681473,6359352,In Service,,,,SIte List (15).csv
RNU_C021M_DP014A,FTB,DP,RNU,RANAU,,,JALAN,RANKO,PASIR PUTIH,,89308.0,SABAH,MALAYSIA,5.947763482,116.6665237,6359592,In Service,,,,SIte List (15).csv
RNU_C021M_DP014B,FTB,DP,RNU,RANAU,,,JALAN,RANAU-TAMBUNAN,PASIR PUTIH,,89308.0,SABAH,MALAYSIA,5.948728973,116.665091,6359356,In Service,,,,SIte List (15).csv
RNU_C021M_DP014C,FTB,DP,RNU,RANAU,,,JALAN,RANAU-TAMBUNAN,SJKC PAI WEN,SJKC PAI WEN SDF,89308.0,SABAH,MALAYSIA,5.948565286,116.6656563,7022928,In Service,,,,SIte List (15).csv
RNU_C021M_DP015A,FTB,DP,RNU,RANAU,,,JALAN,RANAU-TAMBUNAN,KAMPUNG PASIR PUTIH,,89308.0,SABAH,MALAYSIA,5.940254761,116.6663713,6598689,In Service,,,,SIte List (15).csv
RNU_C026M,FDC,MINI FDC,RNU,RANAU,,,JALAN,RANAU SANDAKAN,KAMPUNG KILIMU,,89308.0,SABAH,MALAYSIA,5.980170272,116.6806981,6884268,In Service,,,,SIte List (20).csv
RNU_C026M_DP0001,DP,DP,RNU,RANAU,,,JALAN,RANAU-SANDAKAN,KAMPUNG KILIMU,,89308.0,SABAH,MALAYSIA,5.98159661,116.6785465,6909467,In Service,,,,SIte List (20).csv
RNU_C026M_DP0002,DP,DP,RNU,RANAU,,,JALAN,RANAU-SANDAKAN,KAMPUNG KILIMU,,89308.0,SABAH,MALAYSIA,5.980794145,116.6796664,6909468,In Service,,,,SIte List (20).csv
RNU_C026M_DP0003,DP,DP,RNU,RANAU,,,JALAN,RANAU-SANDAKAN,KAMPUNG KILIMU,,89308.0,SABAH,MALAYSIA,5.980679257,116.6814815,6909469,In Service,,,,SIte List (20).csv
RNU_C026M_DP0004,DP,DP,RNU,RANAU,,,JALAN,RANAU-SANDAKAN,KAMPUNG KILIMU,,89308.0,SABAH,MALAYSIA,5.9799084,116.6800425,6909470,In Service,,,,SIte List (20).csv
RNU_C026M_DP0005,DP,DP,RNU,RANAU,,,JALAN,RANAU SANDAKAN,KG LASING,,89308.0,SABAH,MALAYSIA,5.97469052,116.6816843,7267947,In Service,,,,SIte List (20).csv
RNU_C026M_DP0006,DP,DP,RNU,RANAU,,,JALAN,RANAU SANDAKAN,KAMPUNG KILIMU,,89308.0,SABAH,MALAYSIA,5.978121258,116.6831549,7461084,In Service,,,,SIte List (20).csv
RNU_C026M_DP0007,DP,DP,RNU,RANAU,,,JALAN,RANAU-SANDAKAN,KAMPUNG KILIMU,,89300.0,SABAH,MALAYSIA,5.977346938,116.6886995,7596455,In Service,,,,SIte List (20).csv
RNU_C026M_DP0008,DP,DP,RNU,RANAU,,,JALAN,RANAU-SANDAKAN,KAMPUNG KILIMU,,89300.0,SABAH,MALAYSIA,5.980180736,116.6885132,7596456,In Service,,,,SIte List (20).csv
RNU_C026M_DP0009,DP,DP,RNU,RANAU,,,JALAN,RANAU-SANDAKAN,KAMPUNG KILIMU,,89300.0,SABAH,MALAYSIA,5.981329775,116.6880763,7596457,In Service,,,,SIte List (20).csv
RNU_C026M_DP0010,DP,DP,RNU,RANAU,,,JALAN,RANAU-SANDAKAN,KAMPUNG KILIMU,,89300.0,SABAH,MALAYSIA,5.981584347,116.6874322,7596458,In Service,,,,SIte List (20).csv
RNU_C026M_DP0011,DP,DP,RNU,RANAU,,,JALAN,RANAU-SANDAKAN,KAMPUNG KILIMU,,89300.0,SABAH,MALAYSIA,5.979848998,116.6852918,7596459,In Service,,,,SIte List (20).csv
RNU_C026M_DP0012,DP,DP,RNU,RANAU,,,JALAN,RANAU-SANDAKAN,KAMPUNG KILIMU,,89300.0,SABAH,MALAYSIA,5.981286604,116.6868226,7596460,In Service,,,,SIte List (20).csv
RNU_C026M_DP0013,DP,DP,RNU,RANAU,,,JALAN,RANAU-SANDAKAN,KAMPUNG KILIMU,,89300.0,SABAH,MALAYSIA,5.977492115,116.6832215,7596605,In Service,,,,SIte List (20).csv
RNU_C026M_DP0014,DP,DP,RNU,RANAU,,,JALAN,RANAU-SANDAKAN,KAMPUNG KILIMU,,89300.0,SABAH,MALAYSIA,5.984890243,116.693422,7882733,In Service,,,,SIte List (20).csv
RNU_C026M_DP0015,DP,DP,RNU,RANAU,,,JALAN,RANAU-SANDAKAN,KAMPUNG KILIMU,,89300.0,SABAH,MALAYSIA,5.985154715,116.6917935,7882739,In Service,,,,SIte List (20).csv
RNU_C026M_DP001A,FTB,DP,RNU,RANAU,,,JALAN,RANAU-SANDAKAN,KAMPUNG KILIMU,,89308.0,SABAH,MALAYSIA,5.981608401,116.6778566,6909471,In Service,,,,SIte List (20).csv
RNU_C026M_DP004A,FTB,DP,RNU,RANAU,,,JALAN,RANAU-SANDAKAN,KAMPUNG KILIMU,,89308.0,SABAH,MALAYSIA,5.979536886,116.6792892,6909472,In Service,,,,SIte List (20).csv
RNU_C026M_DP006A,FTB,DP,RNU,RANAU,,,JALAN,RANAU-SANDAKAN,KAMPUNG KILIMU,,89308.0,SABAH,MALAYSIA,,,7461094,In Service,,,,SIte List (20).csv
RNU_C026M_DP008A,FTB,DP,RNU,RANAU,98757605,,JALAN,LIBANG MARAKAU,KAMPUNG KILIMU,,89300.0,SABAH,MALAYSIA,5.981275668,116.6896196,10564291,In Service,,,,SIte List (20).csv
RNU_C026M_DP013A,FTB,DP,RNU,RANAU,,,JALAN,RANAU-SANDAKAN,KAMPUNG KILIMU,,89300.0,SABAH,MALAYSIA,,,7596454,In Service,,,,SIte List (20).csv
RNU_C026M_DP014A,FTB,DP,RNU,RANAU,,,JALAN,RANAU-SANDAKAN,KAMPUNG KILIMU,,89300.0,SABAH,MALAYSIA,,,7882787,In Service,,,,SIte List (20).csv
RNU_C026M_DP014B,FTB,DP,RNU,RANAU,,,JALAN,RANAU-SANDAKAN,KAMPUNG KILIMU,,89300.0,SABAH,MALAYSIA,,,7882788,In Service,,,,SIte List (20).csv
RNU_C031M,FDC,MINI FDC,RNU,RANAU,,,JALAN,KAMPUNG SILAD,KAMPUNG MINIHAS LOHAN,,89308.0,SABAH,MALAYSIA,6.002132946,116.7347315,8003527,In Service,,,,SIte List (23).csv
RNU_C031M_DP0001,DP,DP,RNU,RANAU,,,JALAN,KAMPUNG MINIHAS,KAMPUNG MINIHAS LOHAN,,89308.0,SABAH,MALAYSIA,5.999958743,116.7349249,8003581,In Service,,,,SIte List (23).csv
RNU_C031M_DP0002,DP,DP,RNU,RANAU,,,JALAN,KAMPUNG MINIHAS,KAMPUNG MINIHAS LOHAN,,89308.0,SABAH,MALAYSIA,6.001289764,116.7349469,8003591,In Service,,,,SIte List (23).csv
RNU_C031M_DP0003,DP,DP,RNU,RANAU,,,JALAN,KAMPUNG MINIHAS,KAMPUNG MINIHAS LOHAN,,89308.0,SABAH,MALAYSIA,6.001455077,116.735948,8003595,In Service,,,,SIte List (23).csv
RNU_C031M_DP0004,DP,DP,RNU,RANAU,,,JALAN,KAMPUNG MINIHAS,KAMPUNG MINIHAS LOHAN,,89308.0,SABAH,MALAYSIA,6.004244888,116.7361767,8003598,In Service,,,,SIte List (23).csv
RNU_C031M_DP0005,DP,DP,RNU,RANAU,,,JALAN,KAMPUNG MINIHAS,KAMPUNG MINIHAS LOHAN,,89308.0,SABAH,MALAYSIA,6.002979972,116.736766,8003603,In Service,,,,SIte List (23).csv
RNU_C031M_DP0006,DP,DP,RNU,RANAU,,,JALAN,KAMPUNG MINIHAS,KAMPUNG MINIHAS LOHAN,,89308.0,SABAH,MALAYSIA,6.002347476,116.7355368,8003606,In Service,,,,SIte List (23).csv
RNU_C031M_DP0007,DP,DP,RNU,RANAU,,,JALAN,KAMPUNG SILAD,KAMPUNG SILAD LOHAN,,89300.0,SABAH,MALAYSIA,6.003940348,116.7429694,8571738,In Service,,,,SIte List (23).csv
RNU_C031M_DP0008,DP,DP,RNU,RANAU,,,JALAN,KAMPUNG SILAD,KAMPUNG SILAD LOHAN,,89300.0,SABAH,MALAYSIA,6.002789984,116.7439506,8571739,In Service,,,,SIte List (23).csv
RNU_C031M_DP0009,DP,DP,RNU,RANAU,,,JALAN,KAMPUNG SILAD,KAMPUNG SILAD LOHAN,,89300.0,SABAH,MALAYSIA,6.002580773,116.7412986,8571740,In Service,,,,SIte List (23).csv
RNU_C031M_DP001A,FTB,DP,RNU,RANAU,,,JALAN,KAMPUNG MINIHAS,KAMPUNG MINIHAS LOHAN,,89308.0,SABAH,MALAYSIA,,,8003648,In Service,,,,SIte List (23).csv
RNU_C031M_DP002A,FTB,DP,RNU,RANAU,,,JALAN,KAMPUNG MINIHAS,KAMPUNG MINIHAS LOHAN,,89308.0,SABAH,MALAYSIA,,,8003651,In Service,,,,SIte List (23).csv
RNU_C031M_DP003A,FTB,DP,RNU,RANAU,,,JALAN,KAMPUNG MINIHAS,KAMPUNG MINIHAS LOHAN,,89308.0,SABAH,MALAYSIA,,,8003654,In Service,,,,SIte List (23).csv
RNU_C031M_DP005A,FTB,DP,RNU,RANAU,,,JALAN,KAMPUNG MINIHAS,KAMPUNG MINIHAS LOHAN,,89308.0,SABAH,MALAYSIA,,,8003659,In Service,,,,SIte List (23).csv
RNU_C031M_DP006A,FTB,DP,RNU,RANAU,,,JALAN,KAMPUNG MINIHAS,KAMPUNG MINIHAS LOHAN,,89308.0,SABAH,MALAYSIA,,,8003662,In Service,,,,SIte List (23).csv
RNU_C031M_DP008A,FTB,DP,RNU,RANAU,,,JALAN,KAMPUNG SILAD,KAMPUNG SILAD LOHAN,,89300.0,SABAH,MALAYSIA,6.002606744,116.7453748,8571481,In Service,,,,SIte List (23).csv
RNU_C031M_DP009A,FTB,DP,RNU,RANAU,,,JALAN,KAMPUNG SILAD,KAMPUNG SILAD LOHAN,,89300.0,SABAH,MALAYSIA,6.002126536,116.743893,8571482,In Service,,,,SIte List (23).csv
RNU_C029M,FDC,FDC,RNU,RANAU,HADAPAN SURAU,,JALAN,MUHIBBAH,RANCANGAN RUMAH MURAH,,89308.0,SABAH,MALAYSIA,5.946741663,116.6617073,6430699,In Service,,,,SIte List (22).csv
RNU_C029M_DP0001,DP,DP,RNU,RANAU,1,,JALAN,KIBARAMBANG,RANCANGAN RUMAH MURAH,,89308.0,SABAH,MALAYSIA,5.950114726,116.6606227,6430706,In Service,,,,SIte List (22).csv
RNU_C029M_DP0002,DP,DP,RNU,RANAU,9,,LORONG,MUHIBBAH 5,RANCANGAN RUMAH MURAH,,89308.0,SABAH,MALAYSIA,5.947149978,116.6632981,6430711,In Service,,,,SIte List (22).csv
RNU_C029M_DP0003,DP,DP,RNU,RANAU,17,,LORONG,MUHIBBAH 10,RANCANGAN RUMAH MURAH,,89308.0,SABAH,MALAYSIA,5.944777585,116.6603933,6430724,In Service,,,,SIte List (22).csv
RNU_C029M_DP0004,DP,DP,RNU,RANAU,25,,JALAN,MUHIBBAH,RANCANGAN RUMAH MURAH,,89308.0,SABAH,MALAYSIA,5.944114477,116.6613942,6430726,In Service,,,,SIte List (22).csv
RNU_C025M,FDC,MINI FDC,RNU,RANAU,,,JALAN,KINARATUAN,KAMPUNG KINARATUAN,,89308.0,SABAH,MALAYSIA,5.986854079,116.7313466,7160412,In Service,,,,SIte List (19).csv
RNU_C025M_DP0001,DP,DP,RNU,RANAU,1,,JALAN,KINARATUAN,KAMPUNG KINARATUAN,,89308.0,SABAH,MALAYSIA,5.98668293,116.733159,7160438,In Service,,,,SIte List (19).csv
RNU_C025M_DP0002,DP,DP,RNU,RANAU,11,,JALAN,KINARATUAN,KAMPUNG KINARATUAN,,89308.0,SABAH,MALAYSIA,5.987446704,116.7332363,7160515,In Service,,,,SIte List (19).csv
RNU_C025M_DP0003,DP,DP,RNU,RANAU,21,,JALAN,KINARATUAN,KAMPUNG KINARATUAN,,89308.0,SABAH,MALAYSIA,5.987410736,116.7321624,7160519,In Service,,,,SIte List (19).csv
RNU_C025M_DP0004,DP,DP,RNU,RANAU,31,,JALAN,KINARATUAN,KAMPUNG KINARATUAN,,89308.0,SABAH,MALAYSIA,5.986804168,116.7317663,7160522,In Service,,,,SIte List (19).csv
RNU_C025M_DP0005,DP,DP,RNU,RANAU,41,,JALAN,KINARATUAN,KAMPUNG KINARATUAN,,89308.0,SABAH,MALAYSIA,5.986331561,116.7322512,7160524,In Service,,,,SIte List (19).csv
RNU_C025M_DP003A,FTB,DP,RNU,RANAU,25,,JALAN,KINARATUAN,KAMPUNG KINARATUAN,,89308.0,SABAH,MALAYSIA,5.987797278,116.7326704,7161129,In Service,,,,SIte List (19).csv
RNU_C025M_DP004A,FTB,DP,RNU,RANAU,35,,JALAN,KINARATUAN,KAMPUNG KINARATUAN,,89308.0,SABAH,MALAYSIA,5.986883625,116.7322635,7161132,In Service,,,,SIte List (19).csv
RNU_C027M,FDC,MINI FDC,RNU,RANAU,,,JALAN,RANAU-SANDAKAN,KAMPUNG LUANTI,,89300.0,SABAH,MALAYSIA,5.946154908,116.7694226,6901357,In Service,,,,SIte List (21).csv
RNU_C027M_DP0001,DP,DP,RNU,RANAU,1,,JALAN,RANAU-SANDAKAN,KAMPUNG MURUK,,89300.0,SABAH,MALAYSIA,5.956001967,116.7547345,6901398,In Service,,,,SIte List (21).csv
RNU_C027M_DP0002,DP,DP,RNU,RANAU,2,,JALAN,RANAU-SANDAKAN,SK KANANAPON,,89300.0,SABAH,MALAYSIA,5.951202888,116.7547968,6901466,In Service,,,,SIte List (21).csv
RNU_C027M_DP0003,DP,DP,RNU,RANAU,3,,JALAN,SABAH TEA,RUMAH KAKITANGAN SABAH TEA,,89300.0,SABAH,MALAYSIA,5.942948962,116.7828165,6901505,In Service,,,,SIte List (21).csv
RNU_C027M_DP0004,DP,DP,RNU,RANAU,4,,JALAN,SABAH TEA,PEJABAT DESA TEA NALAPAK,,89300.0,SABAH,MALAYSIA,5.945230961,116.7803236,6901508,In Service,,,,SIte List (21).csv
RNU_C027M_DP0005,DP,DP,RNU,RANAU,5,,JALAN,RANAU-SANDAKAN,KAMPUNG KEBUH BARU,,89300.0,SABAH,MALAYSIA,5.930537144,116.7709749,6901524,In Service,,,,SIte List (21).csv
RNU_C027M_DP0006,DP,DP,RNU,RANAU,6,,JALAN,RANAU-SANDAKAN,KAMPUNG KEBUH BARU,,89300.0,SABAH,MALAYSIA,5.929141579,116.7706777,6901556,In Service,,,,SIte List (21).csv
RNU_C027M_DP0007,DP,DP,RNU,RANAU,7,,JALAN,RANAU-SANDAKAN,KAMPUNG KEBUH BARU,,89300.0,SABAH,MALAYSIA,5.932016109,116.7729067,6901600,In Service,,,,SIte List (21).csv
RNU_C027M_DP0008,DP,DP,RNU,RANAU,8,,JALAN,RANAU-SANDAKAN,KAMPUNG LUANTI BARU,,89300.0,SABAH,MALAYSIA,5.945255887,116.7694473,6901615,In Service,,,,SIte List (21).csv
RNU_C027M_DP0009,DP,DP,RNU,RANAU,9,,JALAN,RANAU-SANDAKAN,KAMPUNG LUANTI BARU,,89300.0,SABAH,MALAYSIA,5.945213643,116.7711101,6901624,In Service,,,,SIte List (21).csv
RNU_C027M_DP0010,DP,DP,RNU,RANAU,,,JALAN,RANAU-SANDAKAN,KAMPUNG NALAPAK,,89300.0,SABAH,MALAYSIA,5.936743447,116.7778303,7390114,In Service,,,,SIte List (21).csv
RNU_C027M_DP0011,DP,DP,RNU,RANAU,,,JALAN,RANAU-SANDAKAN,KAMPUNG LUANTI,,89300.0,SABAH,MALAYSIA,5.947518089,116.7669631,7390116,In Service,,,,SIte List (21).csv
RNU_C027M_DP002A,FTB,DP,RNU,RANAU,2A,,JALAN,RANAU-SANDAKAN,SK KANANAPON,,89300.0,SABAH,MALAYSIA,5.952449191,116.7557584,6901719,In Service,,,,SIte List (21).csv
RNU_C027M_DP003A,FTB,DP,RNU,RANAU,3A,,JALAN,SABAH TEA,SABAH TEA,,89300.0,SABAH,MALAYSIA,5.941675306,116.7842279,6901729,In Service,,,,SIte List (21).csv
RNU_C027M_DP004A,FTB,DP,RNU,RANAU,4A,,JALAN,SABAH TEA,SABAH TEA,,89300.0,SABAH,MALAYSIA,5.944119723,116.7809977,6901735,In Service,,,,SIte List (21).csv
RNU_C027M_DP009A,FTB,DP,RNU,RANAU,,,JALAN,RANAU-SANDAKAN,KAMPUNG LUANTI,,89300.0,SABAH,MALAYSIA,,,7390123,In Service,,,,SIte List (21).csv
RNU_C027M_DP010B,FTB,,RNU,RANAU,,-,JALAN,RANAU-SANDAKAN,KAMPUNG NALAPAK,,89307.0,SABAH,MALAYSIA,5.914065967,116.676989,9995847,In Service,,,,SIte List (21).csv
RNU_C027M_DP011A,FTB,DP,RNU,RANAU,,,JALAN,RANAU-SANDAKAN,KAMPUNG LUANTI,,89300.0,SABAH,MALAYSIA,,,7390127,In Service,,,,SIte List (21).csv
RNU_C023,FDC,DP,RNU,RANAU,,,JALAN,RUMAH KERAJAAN,BATU 1.5 RANAU,,89300.0,SABAH,MALAYSIA,5.958055254,116.6712161,6647600,In Service,,,,SIte List (17).csv
RNU_C023_DP0001,DP,DP,RNU,RANAU,1,,JALAN,MAMUT,BATU 1.5,,89300.0,SABAH,MALAYSIA,5.961802737,116.6621492,6647635,In Service,,,,SIte List (17).csv
RNU_C023_DP0002,DP,DP,RNU,RANAU,H03015,,JALAN,KIMOLOHING,KAMPUNG KIMOLOHING,,89300.0,SABAH,MALAYSIA,5.961323325,116.6638677,6647660,In Service,,,,SIte List (17).csv
RNU_C023_DP0003,DP,DP,RNU,RANAU,H38731,,JALAN,MAMUT,KAMPUNG KIMOLOHING,,89300.0,SABAH,MALAYSIA,5.960954112,116.6666072,6647666,In Service,,,,SIte List (17).csv
RNU_C023_DP0004,DP,DP,RNU,RANAU,8,,JALAN,MAMUT BATU 2,TAMAN MAMUT VILLA RESORT,,89300.0,SABAH,MALAYSIA,5.960584777,116.6686968,6647668,In Service,,,,SIte List (17).csv
RNU_C023_DP0005,DP,DP,RNU,RANAU,JKR4911,,JALAN,MUHIBBAH,RUMAH KAKITANGAN KERAJAAN,,89300.0,SABAH,MALAYSIA,5.958179808,116.6687944,6647675,In Service,,,,SIte List (17).csv
RNU_C023_DP0006,DP,DP,RNU,RANAU,JKR4912,,JALAN,MUHIBBAH,RUMAH KAKITANGAN KERAJAAN,,89300.0,SABAH,MALAYSIA,5.95835948,116.6703661,6647679,In Service,,,,SIte List (17).csv
RNU_C023_DP0007,DP,DP,RNU,RANAU,DEPAN LOT 5,,JALAN,MUHIBBAH,RUMAH KAKITANGAN JPT,,89300.0,SABAH,MALAYSIA,5.957586041,116.6698125,6647685,In Service,,,,SIte List (17).csv
RNU_C023_DP0008,DP,DP,RNU,RANAU,,,JALAN,SINARUT BARU,KAMPUNG SINARUT BARU,H39091,89300.0,SABAH,MALAYSIA,5.966380006,116.6704342,6647687,In Service,,,,SIte List (17).csv
RNU_C023_DP0009,DP,DP,RNU,RANAU,Dec-06,,JALAN,SINARUT BARU,KAMPUNG SINARUT BARU,,89300.0,SABAH,MALAYSIA,5.965706956,116.6702658,6647692,In Service,,,,SIte List (17).csv
RNU_C023_DP0010,DP,DP,RNU,RANAU,H08516,,JALAN,SINARUT BARU,KAMPUNG SINARUT BARU,,89300.0,SABAH,MALAYSIA,5.964710845,116.6693127,6647697,In Service,,,,SIte List (17).csv
RNU_C023_DP0011,DP,DP,RNU,RANAU,H30465,,JALAN,SINARUT BARU,KAMPUNG SINARUT BARU,,89300.0,SABAH,MALAYSIA,5.964853732,116.6686605,6647701,In Service,,,,SIte List (17).csv
RNU_C023_DP0012,DP,DP,RNU,RANAU,H0355,,JALAN,SINARUT BARU,KAMPUNG SINARUT BARU,,89300.0,SABAH,MALAYSIA,5.961785484,116.6706141,6647706,In Service,,,,SIte List (17).csv
RNU_C023_DP0013,DP,DP,RNU,RANAU,H2052,,JALAN,TAKURIK RANAU,KAMPUNG TAKURIK RANAU,,89300.0,SABAH,MALAYSIA,5.960635266,116.6713743,6647710,In Service,,,,SIte List (17).csv
RNU_C023_DP0014,DP,DP,RNU,RANAU,460,,JALAN,MAMUT,KAMPUNG TAKURIK,,89300.0,SABAH,MALAYSIA,5.961558212,116.6719114,6647714,In Service,,,,SIte List (17).csv
RNU_C023_DP0015,DP,DP,RNU,RANAU,H33984,,JALAN,TAKURIK,KAMPUNG TAKURIK,,89300.0,SABAH,MALAYSIA,5.95929908,116.6725041,6647718,In Service,,,,SIte List (17).csv
RNU_C023_DP0016,DP,DP,RNU,RANAU,5359,,JALAN,KAMPUNG RAPAK,KAMPUNG RAPAK,,89300.0,SABAH,MALAYSIA,5.9581858,116.6742668,6647722,In Service,,,,SIte List (17).csv
RNU_C023_DP0017,DP,DP,RNU,RANAU,,,JALAN,TAKURIK,KAMPUNG TAKURIK,Dec-90,89300.0,SABAH,MALAYSIA,5.958386958,116.6733649,6647725,In Service,,,,SIte List (17).csv
RNU_C023_DP0018,DP,DP,RNU,RANAU,Dec-88,,JALAN,TAKURIK,KAMPUNG TAKURIK,,89300.0,SABAH,MALAYSIA,5.957896628,116.6728376,6647730,In Service,,,,SIte List (17).csv
RNU_C023_DP0019,DP,DP,RNU,RANAU,6206,,JALAN,SINARUT,KAMPUNG SINARUT BARU,,89300.0,SABAH,MALAYSIA,5.965746365,116.6677661,6647734,In Service,,,,SIte List (17).csv
RNU_C023_DP001A,FTB,DP,RNU,RANAU,LOT 30,,JALAN,MAMUT,KAMPUNG KESILADAN,,89308.0,SABAH,MALAYSIA,5.96153913,116.662718,6647753,In Service,,,,SIte List (17).csv
RNU_C023_DP0020,DP,DP,RNU,RANAU,,,JALAN,MAMUT,KAMPUNG KIMOLOHING,,89307.0,SABAH,MALAYSIA,5.963442313,116.657917,8890360,In Service,,,,SIte List (17).csv
RNU_C023_DP0021,DP,DP,RNU,RANAU,,,JALAN,LOMBONG MAMUT,KAMPUNG KESILADAN,,89307.0,SABAH,MALAYSIA,5.96537268,116.660097,10930615,In Service,,,,SIte List (17).csv
RNU_C023_DP0022,DP,DP,RNU,RANAU,,,JALAN,LOMBONG MAMUT,KAMPUNG KASILADAN,,89308.0,SABAH,MALAYSIA,5.959583818,116.6587059,10930616,In Service,,,,SIte List (17).csv
RNU_C023_DP005A,FTB,DP,RNU,RANAU,DEPAN LOT 6,,JALAN,TAMAN,PEKAN RANAU,BLOK B,89308.0,SABAH,MALAYSIA,5.958084144,116.6679792,6647756,In Service,,,,SIte List (17).csv
RNU_C023_DP019A,FTB,DP,RNU,RANAU,19A,,JALAN,SINARUT BARU,KAMPUNG SINARUT BARU,,89300.0,SABAH,MALAYSIA,5.966961304,116.6676014,6647760,In Service,,,,SIte List (17).csv
RNU_C023_DP020A,FTB,DP,RNU,RANAU,,,JALAN,MAMUT,KAMPUNG KIMOLOHING,,89307.0,SABAH,MALAYSIA,5.963577313,116.6571506,8890193,Planned,,,,SIte List (17).csv
RNU_C023_DP021A,FTB,DP,RNU,RANAU,,,JALAN,LOMBONG MAMUT,KAMPUNG KESILADAN,,89307.0,SABAH,MALAYSIA,5.969623569,116.6546684,10930617,In Service,,,,SIte List (17).csv
RNU_C023_DP022A,FTB,DP,RNU,RANAU,,,JALAN,LOMBONG MAMUT,KAMPUNG KESILADAN,,89308.0,SABAH,MALAYSIA,5.961479967,116.6587363,10930618,In Service,,,,SIte List (17).csv
RNU_C032M,FDC,MINI FDC,RNU,RANAU,,,JALAN,LIBANG MARAKAU,KAMPUNG LIBANG,,89308.0,SABAH,MALAYSIA,5.960734823,116.6940778,8049314,In Service,,,,SIte List (24).csv
RNU_C032M_DP0001,DP,DP,RNU,RANAU,,,JALAN,LIBANG MARAKAU,KAMPUNG LIBANG,,89308.0,SABAH,MALAYSIA,5.975748364,116.7038181,8049332,In Service,,,,SIte List (24).csv
RNU_C032M_DP0002,DP,DP,RNU,RANAU,,,JALAN,LIBANG MARAKAU,KAMPUNG LIBANG,,89308.0,SABAH,MALAYSIA,5.974674038,116.7034509,8049338,In Service,,,,SIte List (24).csv
RNU_C032M_DP0003,DP,DP,RNU,RANAU,,,JALAN,LIBANG MARAKAU,KAMPUNG LIBANG,,89308.0,SABAH,MALAYSIA,5.973726102,116.7025614,8049343,In Service,,,,SIte List (24).csv
RNU_C032M_DP0004,DP,DP,RNU,RANAU,,,JALAN,LIBANG MARAKAU,KAMPUNG LIBANG,,89308.0,SABAH,MALAYSIA,5.972714968,116.7019189,8049344,In Service,,,,SIte List (24).csv
RNU_C032M_DP0005,DP,DP,RNU,RANAU,,,JALAN,LIBANG MARAKAU,KAMPUNG LIBANG,,89308.0,SABAH,MALAYSIA,5.971317635,116.7028155,8049353,In Service,,,,SIte List (24).csv
RNU_C032M_DP0006,DP,DP,RNU,RANAU,,,JALAN,LIBANG MARAKAU,KAMPUNG LIBANG,,89308.0,SABAH,MALAYSIA,5.970229257,116.7049759,8049357,In Service,,,,SIte List (24).csv
RNU_C032M_DP0007,DP,DP,RNU,RANAU,,,JALAN,LIBANG MARAKAU,KAMPUNG LIBANG,,89308.0,SABAH,MALAYSIA,5.969084702,116.7044393,8049364,In Service,,,,SIte List (24).csv
RNU_C032M_DP0008,DP,DP,RNU,RANAU,,,JALAN,LIBANG MARAKAU,KAMPUNG LIBANG,,89308.0,SABAH,MALAYSIA,5.970355649,116.7032815,8049367,In Service,,,,SIte List (24).csv
RNU_C032M_DP0009,DP,DP,RNU,RANAU,,,JALAN,LIBANG MARAKAU,KAMPUNG LIBANG,,89308.0,SABAH,MALAYSIA,5.967926652,116.7012737,8049370,In Service,,,,SIte List (24).csv
RNU_C032M_DP0010,DP,DP,RNU,RANAU,,,JALAN,LIBANG MARAKAU,KAMPUNG LIBANG,,89308.0,SABAH,MALAYSIA,5.961842661,116.6964934,8049374,In Service,,,,SIte List (24).csv
RNU_C032M_DP0011,DP,DP,RNU,RANAU,,,JALAN,LIBANG MARAKAU,KAMPUNG LIBANG,,89308.0,SABAH,MALAYSIA,5.960698787,116.695665,8049379,In Service,,,,SIte List (24).csv
RNU_C032M_DP0012,DP,DP,RNU,RANAU,,,JALAN,LIBANG MARAKAU,KAMPUNG LIBANG,,89308.0,SABAH,MALAYSIA,5.963063937,116.6941085,8049383,In Service,,,,SIte List (24).csv
RNU_C032M_DP0013,DP,DP,RNU,RANAU,,,JALAN,LIBANG MARAKAU,SK KAMPUNG LIBANG,,89308.0,SABAH,MALAYSIA,5.961133975,116.6936398,8049388,In Service,,,,SIte List (24).csv
RNU_C032M_DP0014,DP,DP,RNU,RANAU,,,JALAN,LIBANG MARAKAU,KAMPUNG KOKOB BARU,,89300.0,SABAH,MALAYSIA,5.974787537,116.6911174,8851342,In Service,,,,SIte List (24).csv
RNU_C032M_DP0015,DP,DP,RNU,RANAU,,,JALAN,LIBANG MARAKAU,KAMPUNG KOKOB BARU,,89300.0,SABAH,MALAYSIA,5.973943186,116.6990791,8851343,In Service,,,,SIte List (24).csv
RNU_C032M_DP004A,FTB,DP,RNU,RANAU,,,JALAN,LIBANG MARAKAU,KAMPUNG LIBANG,,89308.0,SABAH,MALAYSIA,,,8049392,In Service,,,,SIte List (24).csv
RNU_C032M_DP006A,FTB,DP,RNU,RANAU,,,JALAN,LIBANG MARAKAU,KAMPUNG LIBANG,,89308.0,SABAH,MALAYSIA,,,8049398,In Service,,,,SIte List (24).csv
RNU_C032M_DP011A,FTB,DP,RNU,RANAU,,,JALAN,LIBANG MARAKAU,KAMPUNG LIBANG,,89308.0,SABAH,MALAYSIA,,,8049400,In Service,,,,SIte List (24).csv
RNU_C032M_DP012A,FTB,DP,RNU,RANAU,,,JALAN,LIBANG MARAKAU,KAMPUNG LIBANG,,89308.0,SABAH,MALAYSIA,,,8049406,In Service,,,,SIte List (24).csv
RNU_C032M_DP013A,FTB,DP,RNU,RANAU,,,JALAN,LIBANG MARAKAU,KAMPUNG LIBANG,,89308.0,SABAH,MALAYSIA,,,8049411,In Service,,,,SIte List (24).csv
RNU_C032M_DP013B,FTB,DP,RNU,RANAU,,,JALAN,LIBANG MARAKAU,KAMPUNG LIBANG,,89308.0,SABAH,MALAYSIA,,,8049414,In Service,,,,SIte List (24).csv
RNU_C032M_DP014A,FTB,DP,RNU,RANAU,,,JALAN,LIBANG MARAKAU,KAMPUNG KOKOB BARU,,89300.0,SABAH,MALAYSIA,5.974209598,116.6922074,8851344,In Service,,,,SIte List (24).csv
RNU_C032M_DP015A,FTB,DP,RNU,RANAU,,,JALAN,LIBANG MARAKAU,KAMPUNG KOKOB BARU,,89300.0,SABAH,MALAYSIA,5.973489416,116.6968962,8851345,In Service,,,,SIte List (24).csv
RNU_C033M,FDC,DP,RNU,RANAU,,,JALAN,BONGKUD SINGARON BARU,KAMPUNG SINGGARON,,89300.0,SABAH,MALAYSIA,6.007646322,116.78956,8514970,In Service,,,,SIte List (25).csv
RNU_C033M_DP0001,DP,DP,RNU,RANAU,,,JALAN,BONGKUD SINGARON BARU,KAMPUNG SINGGARON,,89300.0,SABAH,MALAYSIA,6.02502,116.7992308,8513845,In Service,,,,SIte List (25).csv
RNU_C033M_DP0002,DP,DP,RNU,RANAU,,,JALAN,BONGKUD SINGARON BARU,KAMPUNG SINGGARON,,89300.0,SABAH,MALAYSIA,6.022568272,116.7988233,8514971,In Service,,,,SIte List (25).csv
RNU_C033M_DP0003,DP,DP,RNU,RANAU,,,JALAN,BONGKUD SINGARON BARU,KAMPUNG SINGGARON,,89300.0,SABAH,MALAYSIA,6.023375104,116.7978033,8513846,In Service,,,,SIte List (25).csv
RNU_C033M_DP0004,DP,DP,RNU,RANAU,,,JALAN,BONGKUD SINGARON BARU,KAMPUNG SINGGARON,,89300.0,SABAH,MALAYSIA,6.022853739,116.7976985,8514987,In Service,,,,SIte List (25).csv
RNU_C033M_DP0005,DP,DP,RNU,RANAU,,,JALAN,BONGKUD SINGARON BARU,KAMPUNG SINGGARON,,89300.0,SABAH,MALAYSIA,6.022199682,116.7979055,8514988,In Service,,,,SIte List (25).csv
RNU_C033M_DP0006,DP,DP,RNU,RANAU,,,JALAN,BONGKUD SINGARON BARU,KAMPUNG LUTUT,,89300.0,SABAH,MALAYSIA,6.00686376,116.7941278,8514989,In Service,,,,SIte List (25).csv
RNU_C033M_DP0007,DP,DP,RNU,RANAU,,,JALAN,BONGKUD SINGARON BARU,KAMPUNG LUTUT,,89300.0,SABAH,MALAYSIA,6.006817,116.7931254,8514990,In Service,,,,SIte List (25).csv
RNU_C033M_DP0008,DP,DP,RNU,RANAU,,,JALAN,BONGKUD SINGARON BARU,KAMPUNG LUTUT,,89300.0,SABAH,MALAYSIA,6.007803776,116.7931562,8514991,In Service,,,,SIte List (25).csv
RNU_C033M_DP0009,DP,DP,RNU,RANAU,,,JALAN,BONGKUD SINGARON BARU,RANAU,,89300.0,SABAH,MALAYSIA,6.023343949,116.7983089,8697533,In Service,,,,SIte List (25).csv
RNU_C033M_DP0010,DP,DP,RNU,RANAU,,,JALAN,BONGKUD SINGARON BARU,RANAU,,89300.0,SABAH,MALAYSIA,6.02315395,116.7973896,8697534,In Service,,,,SIte List (25).csv
RNU_C033M_DP001A,FTB,DP,RNU,RANAU,,,JALAN,BONGKUD SINGARON BARU,KAMPUNG SINGGARON,,89300.0,SABAH,MALAYSIA,6.02649194,116.8024212,8514993,In Service,,,,SIte List (25).csv
RNU_C033M_DP003A,FTB,DP,RNU,RANAU,,,JALAN,BONGKUD SINGARON BARU,KAMPUNG SINGGARON,,89300.0,SABAH,MALAYSIA,6.023752605,116.7986483,8514994,In Service,,,,SIte List (25).csv
RNU_C033M_DP005A,FTB,DP,RNU,RANAU,,,JALAN,BONGKUD SINGARON BARU,KAMPUNG SINGGARON,,89300.0,SABAH,MALAYSIA,6.020955164,116.7991052,8514995,In Service,,,,SIte List (25).csv
RNU_C033M_DP006A,FTB,DP,RNU,RANAU,,,JALAN,BONGKUD SINGARON BARU,KAMPUNG LUTUT,,89300.0,SABAH,MALAYSIA,6.007865947,116.7945591,8514992,In Service,,,,SIte List (25).csv
RNU_C020M,FDC,MINI FDC,RNU,RANAU,,,JALAN,MASJID LAMA,PASIR PUTIH,,89308.0,SABAH,MALAYSIA,5.947178423,116.6705427,6357790,In Service,,,,SIte List (14).csv
RNU_C020M_DP0001,DP,DP,RNU,RANAU,,,JALAN,LINGKUDAU,PASIR PUTIH,,89308.0,SABAH,MALAYSIA,5.948964521,116.6683205,6357815,In Service,,,,SIte List (14).csv
RNU_C020M_DP0002,DP,DP,RNU,RANAU,,,JALAN,LINGKUDAU,PASIR PUTIH,,89308.0,SABAH,MALAYSIA,5.94968581,116.6687802,6358498,In Service,,,,SIte List (14).csv
RNU_C020M_DP0003,DP,DP,RNU,RANAU,,,JALAN,LINGKUDAU,PASIR PUTIH,,89308.0,SABAH,MALAYSIA,5.949315382,116.6687153,6358501,In Service,,,,SIte List (14).csv
RNU_C020M_DP0004,DP,DP,RNU,RANAU,,,JALAN,LINGKUDAU,PASIR PUTIH,,89308.0,SABAH,MALAYSIA,5.94861478,116.6698989,6358502,In Service,,,,SIte List (14).csv
RNU_C020M_DP0005,DP,DP,RNU,RANAU,,,JALAN,MASJID LAMA,PASIR PUTIH,(SATU BOX DP0011),89308.0,SABAH,MALAYSIA,5.948526259,116.6705972,6358508,In Service,,,,SIte List (14).csv
RNU_C020M_DP0006,DP,DP,RNU,RANAU,,,JALAN,MASJID LAMA,PASIR PUTIH,,89308.0,SABAH,MALAYSIA,5.947302507,116.6678701,6358531,In Service,,,,SIte List (14).csv
RNU_C020M_DP0007,DP,DP,RNU,RANAU,,,JALAN,MASJID LAMA,PASIR PUTIH,,89308.0,SABAH,MALAYSIA,5.946969706,116.6688666,6358533,In Service,,,,SIte List (14).csv
RNU_C020M_DP0008,DP,DP,RNU,RANAU,,,JALAN,PAKA 2,PASIR PUTIH,,89308.0,SABAH,MALAYSIA,5.946120214,116.6691388,6358534,In Service,,,,SIte List (14).csv
RNU_C020M_DP0009,DP,DP,RNU,RANAU,,,JALAN,MASJID LAMA,PASIR PUTIH,,89308.0,SABAH,MALAYSIA,5.945531072,116.6707167,6358556,In Service,,,,SIte List (14).csv
RNU_C020M_DP0010,DP,DP,RNU,RANAU,,,JALAN,MASJID LAMA,PASIR PUTIH,,89308.0,SABAH,MALAYSIA,5.946196317,116.6711076,6358559,In Service,,,,SIte List (14).csv
RNU_C020M_DP0011,DP,DP,RNU,RANAU,99222109,,JALAN,MASJID LAMA,KAMPUNG LINGKUDAU,,89307.0,SABAH,MALAYSIA,5.948465559,116.6705866,6813002,In Service,,,,SIte List (14).csv
RNU_C020M_DP0012,DP,DP,RNU,RANAU,89,,JALAN,PAKA 2,KAMPUNG PAKA 2,,89308.0,SABAH,MALAYSIA,0.0,0.0,7033108,In Service,,,,SIte List (14).csv
RNU_C020M_DP001A,FTB,DP,RNU,RANAU,,,JALAN,LINGKUDAU,PASIR PUTIH,,89308.0,SABAH,MALAYSIA,5.949435513,116.6677818,6358567,In Service,,,,SIte List (14).csv
RNU_C020M_DP001B,FTB,DP,RNU,RANAU,,,JALAN,LINGKUDAU,PASIR PUTIH,,89308.0,SABAH,MALAYSIA,5.94917018,116.6674126,6358573,In Service,,,,SIte List (14).csv
RNU_C020M_DP004A,FTB,DP,RNU,RANAU,,,JALAN,LINGKUDAU,PASIR PUTIH,,89308.0,SABAH,MALAYSIA,5.948762477,116.6692855,6358575,In Service,,,,SIte List (14).csv
RNU_C020M_DP008A,FTB,DP,RNU,RANAU,,,JALAN,MASJID LAMA,PASIR PUTIH,,89308.0,SABAH,MALAYSIA,5.946446502,116.6700902,6358600,In Service,,,,SIte List (14).csv
RNU_C022M,FDC,MINI FDC,RNU,RANAU,,,JALAN,LINGKUDAU MATAN KITUNTUL,KG SILOU,,89308.0,SABAH,MALAYSIA,5.927971827,116.6743527,6507144,In Service,,,,SIte List (16).csv
RNU_C022M_DP0001,DP,DP,RNU,RANAU,,,JALAN,LINGKUDAU MATAN KITUNTUL,KG SILOU,,89308.0,SABAH,MALAYSIA,5.928173998,116.6813577,6507163,In Service,,,,SIte List (16).csv
RNU_C022M_DP0002,DP,DP,RNU,RANAU,,,JALAN,LINGKUDAU MATAN KITUNTUL,KG SILOU,,89308.0,SABAH,MALAYSIA,5.929351665,116.6793158,6507172,In Service,,,,SIte List (16).csv
RNU_C022M_DP0003,DP,DP,RNU,RANAU,,,JALAN,LINGKUDAU MATAN KITUNTUL,KG SILOU,,89308.0,SABAH,MALAYSIA,5.928591572,116.6782769,6507175,In Service,,,,SIte List (16).csv
RNU_C022M_DP0004,DP,DP,RNU,RANAU,,,JALAN,LINGKUDAU MATAN KITUNTUL,KG SILOU,,89308.0,SABAH,MALAYSIA,5.925807318,116.6759427,6507177,In Service,,,,SIte List (16).csv
RNU_C022M_DP0005,DP,DP,RNU,RANAU,,,JALAN,LINGKUDAU MATAN KITUNTUL,KG SILOU,,89308.0,SABAH,MALAYSIA,5.928381005,116.6741033,6527402,In Service,,,,SIte List (16).csv
RNU_C022M_DP0006,DP,DP,RNU,RANAU,6,,JALAN,SILOU,KAMPUNG SILOU,,89300.0,SABAH,MALAYSIA,5.929552914,116.6743755,7275758,In Service,,,,SIte List (16).csv
RNU_C022M_DP0007,DP,DP,RNU,RANAU,7,,JALAN,SILOU,KAMPUNG SILOU,,89300.0,SABAH,MALAYSIA,5.928505882,116.6731953,7275759,In Service,,,,SIte List (16).csv
RNU_C022M_DP0008,DP,DP,RNU,RANAU,8,,JALAN,SILOU,KAMPUNG SILOU,,89300.0,SABAH,MALAYSIA,5.928642827,116.6738702,7275760,In Service,,,,SIte List (16).csv
RNU_C022M_DP0009,DP,DP,RNU,RANAU,9,,JALAN,KITUNTUL,KAMPUNG KITUNTUL BARU,,89300.0,SABAH,MALAYSIA,5.930828181,116.6789497,7388863,In Service,,,,SIte List (16).csv
RNU_C022M_DP0010,DP,DP,RNU,RANAU,10,,JALAN,KITUNTUL,KAMPUNG KITUNTUL BARU,,89300.0,SABAH,MALAYSIA,5.930533758,116.6786196,7388874,In Service,,,,SIte List (16).csv
RNU_C022M_DP006A,FTB,DP,RNU,RANAU,6A,,JALAN,SILOU,KAMPUNG SILOU,,89300.0,SABAH,MALAYSIA,5.929083548,116.6723336,7275767,In Service,,,,SIte List (16).csv
RNU_C022M_DP008A,FTB,DP,RNU,RANAU,8A,,JALAN,SILOU,KAMPUNG SILOU,,89300.0,SABAH,MALAYSIA,5.927391687,116.6765533,7275768,In Service,,,,SIte List (16).csv
RNU_C034M,FDC,DP,RNU,RANAU,,,JALAN,RANAU-SANDAKAN,KAMPUNG KIPALIU,,89300.0,SABAH,MALAYSIA,5.973425598,116.7359025,8089724,In Service,,,,
RNU_C034M_DP0001,DP,DP,RNU,RANAU,,,JALAN,RANAU-SANDAKAN,KAMPUNG KIPALIU,,89300.0,SABAH,MALAYSIA,5.973002312,116.7359375,8089872,In Service,,,,
RNU_C034M_DP0002,DP,DP,RNU,TELUPID,,,JALAN,RANAU-SANDAKAN,KAMPUNG KIPALIU,,89300.0,SABAH,MALAYSIA,5.972954971,116.7359655,8121706,Planned,,,,
RNU_C034M_DP0003,DP,DP,RNU,TELUPID,,,JALAN,RANAU-SANDAKAN,KAMPUNG MURUK,,89300.0,SABAH,MALAYSIA,5.964643654,116.7521266,8344227,In Service,,,,
RNU_C034M_DP0004,DP,DP,RNU,TELUPID,,,JALAN,RANAU-SANDAKAN,KAMPUNG KIPALIU,,89300.0,SABAH,MALAYSIA,5.966751044,116.7397222,8344228,In Service,,,,
RNU_C034M_DP001A,FTB,DP,RNU,RANAU,,,JALAN,RANAU-SANDAKAN,KAMPUNG KIPALIU,,89300.0,SABAH,MALAYSIA,,,8089725,In Service,,,,
RNU_C034M_DP001B,FTB,DP,RNU,RANAU,,,JALAN,RANAU-SANDAKAN,KAMPUNG KIPALIU,,89300.0,SABAH,MALAYSIA,,,8089726,In Service,,,,
RNU_C034M_DP001C,FTB,DP,RNU,RANAU,,,JALAN,RANAU-SANDAKAN,KAMPUNG KIPALIU,,89300.0,SABAH,MALAYSIA,,,8089887,In Service,,,,
RNU_C034M_DP003A,FTB,DP,RNU,TELUPID,,,JALAN,RANAU-SANDAKAN,KAMPUNG MURUK,,89300.0,SABAH,MALAYSIA,,,8344229,In Service,,,,
RNU_C034M_DP003B,FTB,DP,RNU,TELUPID,,,JALAN,RANAU-SANDAKAN,KAMPUNG MURUK,,89300.0,SABAH,MALAYSIA,5.964854,116.74975,10702678,In Service,,,,
RNU_C034M_DP004A,FTB,DP,RNU,TELUPID,,,JALAN,RANAU-SANDAKAN,KAMPUNG KIPALIU,,89300.0,SABAH,MALAYSIA,,,8344208,In Service,,,,
RNU_C034M_DP004B,FTB,DP,RNU,TELUPID,,,JALAN,RANAU-SANDAKAN,KAMPUNG KIPALIU,,89300.0,SABAH,MALAYSIA,,,8344230,In Service,,,,
RNU_C035M,FDC,DP,RNU,RANAU,,,JALAN,LOHAN BONGKUD,KAMPUNG LOHAN ULU,,89300.0,SABAH,MALAYSIA,5.992975598,116.6959856,8172991,In Service,,,,
RNU_C035M_DP0001,DP,DP,RNU,RANAU,,,JALAN,LOHAN BONGKUD,KAMPUNG LOHAN ULU,,89300.0,SABAH,MALAYSIA,5.989835668,116.6997505,8172992,In Service,,,,
RNU_C035M_DP0002,DP,DP,RNU,RANAU,,,JALAN,LOHAN BONGKUD,KAMPUNG LOHAN ULU,,89300.0,SABAH,MALAYSIA,5.992078511,116.6980891,8172993,In Service,,,,
RNU_C035M_DP0003,DP,DP,RNU,RANAU,,,JALAN,LOHAN BONGKUD,KAMPUNG LOHAN ULU,,89300.0,SABAH,MALAYSIA,5.99401136,116.6977083,8172994,In Service,,,,
RNU_C035M_DP0004,DP,DP,RNU,RANAU,,,JALAN,LOHAN BONGKUD,KAMPUNG LOHAN ULU,,89300.0,SABAH,MALAYSIA,5.992646471,116.704595,8608688,In Service,,,,
RNU_C035M_DP0005,DP,DP,RNU,RANAU,,,JALAN,LOHAN BONGKUD,KAMPUNG LOHAN ULU,,89300.0,SABAH,MALAYSIA,5.997544506,116.7124535,8974527,In Service,,,,
RNU_C035M_DP0006,DP,DP,RNU,RANAU,,,JALAN,LOHAN BONGKUD,KAMPUNG LOHAN ULU,,89300.0,SABAH,MALAYSIA,5.994539975,116.7075128,10131446,In Service,,,,
RNU_C035M_DP0007,DP,DP,RNU,RANAU,D99459570B,,JALAN,LOHAN BONGKUD,KAMPUNG LOHAN ULU,,89300.0,SABAH,MALAYSIA,5.995498492,116.7028649,10775515,In Service,,,,
RNU_C035M_DP002A,FTB,DP,RNU,RANAU,,,JALAN,LOHAN BONGKUD,KAMPUNG LOHAN ULU,,89300.0,SABAH,MALAYSIA,,,8172996,In Service,,,,
RNU_C035M_DP003A,FTB,DP,RNU,RANAU,,,JALAN,LOHAN BONGKUD,KAMPUNG LOHAN ULU,,89300.0,SABAH,MALAYSIA,,,8172995,In Service,,,,
RNU_C035M_DP003B,FTB,DP,RNU,RANAU,,,JALAN,LOHAN BONGKUD,KAMPUNG LOHAN ULU,,89300.0,SABAH,MALAYSIA,5.995389062,116.6983034,9058897,Decommissioned,,,,
RNU_C035M_DP005A,FTB,DP,RNU,RANAU,,,JALAN,LOHAN BONGKUD,KAMPUNG LOHAN ULU,,89300.0,SABAH,MALAYSIA,5.996763989,116.7096687,10365908,In Service,,,,
RNU_C036M,FDC,DP,RNU,RANAU,,,JALAN,LIPASU,KAMPUNG LIPOSU,,89650.0,SABAH,MALAYSIA,5.972449456,116.6340131,8241251,In Service,,,,
RNU_C036M_DP0001,DP,DP,RNU,RANAU,,,JALAN,LIPASU,KAMPUNG LIPOSU,,89650.0,SABAH,MALAYSIA,5.977250596,116.628108,8241252,In Service,,,,
RNU_C036M_DP0002,DP,DP,RNU,RANAU,,,JALAN,LIPASU,KAMPUNG LIPOSU,,89650.0,SABAH,MALAYSIA,5.977240313,116.6303522,8241253,In Service,,,,
RNU_C036M_DP0003,DP,DP,RNU,RANAU,,,JALAN,LIPASU,KAMPUNG LIPOSU,,89650.0,SABAH,MALAYSIA,5.978302313,116.6328864,8241254,In Service,,,,
RNU_C036M_DP0004,DP,DP,RNU,RANAU,,,JALAN,LIPASU,KAMPUNG LIPOSU,,89650.0,SABAH,MALAYSIA,5.97735895,116.6333172,8241255,In Service,,,,
RNU_C036M_DP0005,DP,DP,RNU,RANAU,,,JALAN,LIPASU,KAMPUNG LIPOSU,,89650.0,SABAH,MALAYSIA,5.977033723,116.6270276,8545680,In Service,,,,
RNU_C036M_DP0006,DP,DP,RNU,RANAU,,,JALAN,LIPASU,KAMPUNG LIPOSU,,89650.0,SABAH,MALAYSIA,5.977143535,116.6278614,8545681,In Service,,,,
RNU_C036M_DP0007,DP,DP,RNU,RANAU,,,JALAN,LIPASU,KAMPUNG KIBBAS,,89650.0,SABAH,MALAYSIA,5.967443402,116.631858,10034018,In Service,,,,
RNU_C036M_DP0008,DP,DP,RNU,RANAU,,,JALAN,LIPASU,KAMPUNG KIBBAS,,89650.0,SABAH,MALAYSIA,5.966494896,116.6312397,10034019,In Service,,,,
RNU_C036M_DP0009,DP,DP,RNU,RANAU,,,JALAN,LIPASU,KAMPUNG KIBBAS,,89650.0,SABAH,MALAYSIA,5.961832245,116.6319515,10034021,In Service,,,,
RNU_C036M_DP0010,DP,DP,RNU,RANAU,,,JALAN,LIPASU,KAMPUNG KIBBAS,,89650.0,SABAH,MALAYSIA,5.961045923,116.6331298,10033994,In Service,,,,
RNU_C036M_DP0011,DP,DP,RNU,RANAU,,,JALAN,LIPASU,KAMPUNG KIBBAS,,89650.0,SABAH,MALAYSIA,5.977079186,116.6309058,10366119,In Service,,,,
RNU_C036M_DP0012,DP,DP,RNU,RANAU,,,JALAN,PAKA 1,KAMPUNG PAKA,,89308.0,SABAH,MALAYSIA,5.957868418,116.6399479,10632483,In Service,,,,
RNU_C036M_DP0013,DP,DP,RNU,RANAU,,,JALAN,PAKA 1,KAMPUNG PAKA,,89308.0,SABAH,MALAYSIA,5.956897633,116.6397073,10632484,In Service,,,,
RNU_C036M_DP0014,DP,DP,RNU,RANAU,,,JALAN,PAKA 1,KAMPUNG PAKA,,89308.0,SABAH,MALAYSIA,5.958508451,116.6379758,10632381,In Service,,,,
RNU_C036M_DP0015,DP,DP,RNU,RANAU,,,JALAN,TAMBALANG,KAMPUNG TAMBALANG,,89300.0,SABAH,MALAYSIA,5.966130313,116.6310361,10765644,In Service,,,,
RNU_C036M_DP001A,FTB,DP,RNU,RANAU,,,JALAN,LIPASU,KAMPUNG LIPOSU,,89650.0,SABAH,MALAYSIA,,,8240873,In Service,,,,
RNU_C036M_DP002A,FTB,DP,RNU,RANAU,,,JALAN,LIPASU,KAMPUNG LIPOSU,,89650.0,SABAH,MALAYSIA,,,8240874,In Service,,,,
RNU_C036M_DP003A,FTB,DP,RNU,RANAU,,,JALAN,LIPASU,KAMPUNG LIPOSU,,89650.0,SABAH,MALAYSIA,,,8241256,In Service,,,,
RNU_C036M_DP004A,FTB,DP,RNU,RANAU,,,JALAN,LIPASU,KAMPUNG LIPOSU,,89650.0,SABAH,MALAYSIA,,,8241257,In Service,,,,
RNU_C036M_DP004B,FTB,,RNU,,,,,,,,,,,5.975613309,116.631614,10573280,In Service,,,,
RNU_C036M_DP005A,FTB,DP,RNU,RANAU,,,JALAN,LIPASU,KAMPUNG LIPOSU,,89650.0,SABAH,MALAYSIA,5.977807836,116.6273788,8545259,In Service,,,,
RNU_C036M_DP005B,FTB,DP,RNU,RANAU,,,JALAN,LIPASU,KAMPUNG KIBBAS,,89650.0,SABAH,MALAYSIA,5.977550075,116.6259168,8545260,In Service,,,,
RNU_C036M_DP005C,FTB,DP,RNU,RANAU,,,JALAN,LIPASU,KAMPUNG LIPOSU,,89650.0,SABAH,MALAYSIA,5.97808982,116.6261985,8545684,In Service,,,,
RNU_C036M_DP006A,FTB,DP,RNU,RANAU,,,JALAN,LIPASU,KAMPUNG LIPOSU,,89650.0,SABAH,MALAYSIA,5.97646992,116.6276468,8545258,In Service,,,,
RNU_C036M_DP009A,FTB,,RNU,RANAU,,,JALAN,JALAN,,,89650.0,SABAH,MALAYSIA,5.960644,116.632339,10122158,In Service,,,,
RNU_C036M_DP011A,FTB,,RNU,RANAU,,,JALAN,LIPASU,KAMPUNG KIBBAS,,89650.0,SABAH,MALAYSIA,5.9772,116.626501,11107453,In Service,,,,
RNU_C036M_DP014A,FTB,DP,RNU,RANAU,,,JALAN,PAKA 1,KAMPUNG PAKA,,89308.0,SABAH,MALAYSIA,5.957491553,116.6390494,10632485,In Service,,,,
RNU_C038M,FDC,DP,RNU,RANAU,,,JALAN,KOMPLEKS SUKAN,KAMPUNG KILIMU,,89300.0,SABAH,MALAYSIA,5.992253098,116.6863155,9047021,In Service,,,,
RNU_C038M_DP0001,DP,DP,RNU,RANAU,,,JALAN,KOMPLEKS SUKAN,KAMPUNG KILIMU,,89300.0,SABAH,MALAYSIA,5.990560589,116.6821857,9046855,In Service,,,,
RNU_C038M_DP0002,DP,DP,RNU,RANAU,,,JALAN,KOMPLEKS SUKAN,KAMPUNG KILIMU,,89300.0,SABAH,MALAYSIA,5.99196511,116.6828426,9046856,In Service,,,,
RNU_C038M_DP0003,DP,DP,RNU,RANAU,,,JALAN,KOMPLEKS SUKAN,KAMPUNG KILIMU,,89300.0,SABAH,MALAYSIA,5.993339029,116.6825021,9046857,In Service,,,,
RNU_C038M_DP0004,DP,DP,RNU,RANAU,,,JALAN,KOMPLEKS SUKAN,KAMPUNG KILIMU,,89300.0,SABAH,MALAYSIA,5.990557675,116.6821256,10303666,In Service,,,,
RNU_C039M,FDC,DP,RNU,RANAU,,,JALAN,KIBBAS MOHIMBOYON KUNDASANG,KAMPUNG TAMBIAU,,89300.0,SABAH,MALAYSIA,5.922281749,116.6215923,9591782,In Service,,,,
RNU_C039M_DP0001,DP,DP,RNU,RANAU,,,JALAN,KIBBAS MOHIMBOYON KUNDASANG,KAMPUNG TAMBIAU,,89300.0,SABAH,MALAYSIA,5.923339795,116.620656,9591783,In Service,,,,
RNU_C039M_DP0002,DP,DP,RNU,RANAU,,,JALAN,KIBBAS MOHIMBOYON KUNDASANG,KAMPUNG TAMBIAU,,89300.0,SABAH,MALAYSIA,5.921890024,116.6207584,9591736,In Service,,,,
RNU_C039M_DP0003,DP,DP,RNU,RANAU,,,JALAN,KIBBAS MOHIMBOYON KUNDASANG,KAMPUNG TAMBIAU,,89300.0,SABAH,MALAYSIA,5.920917554,116.6230134,9591785,In Service,,,,
RNU_C039M_DP0004,DP,DP,RNU,RANAU,,,JALAN,KIBBAS MOHIMBOYON KUNDASANG,KAMPUNG TAMBIAU,,89300.0,SABAH,MALAYSIA,5.921540768,116.6231706,9591786,In Service,,,,
RNU_C039M_DP0005,DP,DP,RNU,RANAU,,,JALAN,KIBBAS MOHIMBOYON KUNDASANG,KAMPUNG TAMBIAU,,89300.0,SABAH,MALAYSIA,5.922735988,116.6216442,9591737,In Service,,,,
RNU_C039M_DP0006,DP,DP,RNU,RANAU,,,JALAN,KIBBAS MOHIMBOYON KUNDASANG,RANAU,,89300.0,SABAH,MALAYSIA,5.913456023,116.6119816,11336086,In Service,,,,
RNU_C039M_DP0007,DP,DP,RNU,RANAU,,,JALAN,KIBBAS MOHIMBOYON KUNDASANG,RANAU,,89300.0,SABAH,MALAYSIA,5.91193466,116.6089094,11336087,In Service,,,,
RNU_C039M_DP002A,FTB,DP,RNU,RANAU,,,JALAN,KIBBAS MOHIMBOYON KUNDASANG,KAMPUNG TAMBIAU,,89300.0,SABAH,MALAYSIA,5.922688156,116.6197936,9591738,In Service,,,,
RNU_C039M_DP004A,FTB,DP,RNU,RANAU,,,JALAN,KIBBAS MOHIMBOYON KUNDASANG,KAMPUNG TAMBIAU,,89300.0,SABAH,MALAYSIA,5.921991947,116.6241692,9591739,In Service,,,,
RNU_C039M_DP006A,FTB,DP,RNU,RANAU,,,JALAN,KIBBAS MOHIMBOYON KUNDASANG,RANAU,,89300.0,SABAH,MALAYSIA,5.910142167,116.6128365,11336088,In Service,,,,
RNU_C039M_DP006B,FTB,DP,RNU,RANAU,,,JALAN,KIBBAS MOHIMBOYON KUNDASANG,RANAU,,89300.0,SABAH,MALAYSIA,5.908729146,116.6135219,11336089,In Service,,,,
RNU_C039M_DP007A,FTB,DP,RNU,RANAU,,,JALAN,KIBBAS MOHIMBOYON KUNDASANG,RANAU,,89300.0,SABAH,MALAYSIA,5.91545528,116.6079213,11336090,In Service,,,,
RNU_C040M,FDC,DP,RNU,RANAU,,,JALAN,TOGOP PORING,KAMPUNG KINARATUAN,,89300.0,SABAH,MALAYSIA,6.061796841,116.7728528,11378529,In Service,,,,
RNU_C040M_DP0001,DP,DP,RNU,RANAU,RMH NO 99238869,,JALAN,TOGOP PORING,KAMPUNG PERANCANGAN,,89300.0,SABAH,MALAYSIA,6.069361569,116.7993716,11378530,In Service,,,,
RNU_C040M_DP0002,DP,DP,RNU,RANAU,RMH NO 98798965,,JALAN,TOGOP PORING,KAMPUNG PERANCANGAN,,89300.0,SABAH,MALAYSIA,6.069719109,116.797561,11378531,In Service,,,,
RNU_C040M_DP0003,DP,DP,RNU,RANAU,RMH NO 97853572,,JALAN,TOGOP PORING,KAMPUNG PERANCANGAN,,89300.0,SABAH,MALAYSIA,6.068125193,116.7978273,11378532,In Service,,,,
RNU_C040M_DP0004,DP,DP,RNU,RANAU,RMH NO 99136131,,JALAN,TOGOP PORING,KAMPUNG PERANCANGAN,,89300.0,SABAH,MALAYSIA,6.068231802,116.7946572,11378533,In Service,,,,
RNU_C040M_DP0005,DP,DP,RNU,RANAU,,,JALAN,TOGOP PORING,RANAU,,89300.0,SABAH,MALAYSIA,6.067439396,116.7775882,11388672,In Service,,,,
RNU_C040M_DP0006,DP,DP,RNU,RANAU,,,JALAN,TOGOP PORING,RANAU,,89300.0,SABAH,MALAYSIA,6.064292218,116.7759458,11388673,In Service,,,,
RNU_C040M_DP0007,DP,DP,RNU,RANAU,,,JALAN,TOGOP PORING,RANAU,,89300.0,SABAH,MALAYSIA,6.062500883,116.7743772,11388674,In Service,,,,
RNU_C040M_DP001A,FTB,DP,RNU,RANAU,RMH NO 99225668,,JALAN,TOGOP PORING,KAMPUNG PERANCANGAN,,89300.0,SABAH,MALAYSIA,6.075446764,116.7939282,11378534,In Service,,,,
RNU_C040M_DP001B,FTB,DP,RNU,RANAU,RMH NO 99147809,,JALAN,TOGOP PORING,KAMPUNG PERANCANGAN,,89300.0,SABAH,MALAYSIA,6.072224914,116.8008036,11378535,In Service,,,,
RNU_C040M_DP002A,FTB,DP,RNU,RANAU,RMH NO 97795688,,JALAN,TOGOP PORING,KAMPUNG PERANCANGAN,,89300.0,SABAH,MALAYSIA,6.069189141,116.7986675,11378536,In Service,,,,
RNU_C040M_DP005A,FTB,DP,RNU,RANAU,,,JALAN,TOGOP PORING,RANAU,,89300.0,SABAH,MALAYSIA,6.069932446,116.7801005,11388675,In Service,,,,
RNU_C040M_DP006A,FTB,DP,RNU,RANAU,,,JALAN,TOGOP PORING,RANAU,,89300.0,SABAH,MALAYSIA,6.068552382,116.7726413,11388685,In Service,,,,
RNU_C041M,FDC,DP,RNU,RANAU,,,JALAN,TAMPARULI-RANAU,KG LONGUT BARU,,89308.0,SABAH,MALAYSIA,5.942867489,116.6538079,11334671,In Service,,,,
RNU_C041M_DP0001,DP,DP,RNU,RANAU,,,JALAN,KAMPUNG LONGUT BARU,KAMPUNG LONGUT BARU,,89300.0,SABAH,MALAYSIA,5.940776299,116.6587715,11334672,In Service,,,,
RNU_C041M_DP0002,DP,DP,RNU,RANAU,,,JALAN,KAMPUNG LONGUT BARU,KAMPUNG LONGUT BARU,,89300.0,SABAH,MALAYSIA,5.94045379,116.6573255,11334673,In Service,,,,
RNU_C041M_DP0003,DP,DP,RNU,RANAU,,,JALAN,KAMPUNG LONGUT BARU,KAMPUNG LONGUT BARU,,89300.0,SABAH,MALAYSIA,5.94198385,116.6569919,11334685,In Service,,,,
RNU_C041M_DP0004,DP,DP,RNU,RANAU,,,JALAN,KAMPUNG LONGUT BARU,KAMPUNG LONGUT BARU,,89300.0,SABAH,MALAYSIA,5.941378642,116.656325,11334675,In Service,,,,
RNU_C042M,FDC,DP,RNU,RANAU,,,JALAN,RANAU-TAMBUNAN,KAMPUNG PAKA 2,,89300.0,SABAH,MALAYSIA,5.945454298,116.6658341,11376297,In Service,,,,
RNU_C042M_DP0001,DP,DP,RNU,RANAU,,,JALAN,KIABURI,KAMPUNG KIABURI,,89300.0,SABAH,MALAYSIA,5.944130156,116.6686729,11376294,In Service,,,,
RNU_C042M_DP0002,DP,DP,RNU,RANAU,,,JALAN,KIABURI,KAMPUNG KIABURI,,89300.0,SABAH,MALAYSIA,5.944740808,116.6676301,11376295,In Service,,,,
RNU_C001,FDC,DP,RNU,RANAU,,,JALAN,KEMBAR PEKAN,PEKAN RANAU,,89308.0,SABAH,MALAYSIA,5.951781682,116.6636414,5236211,In Service,,,,
RNU_C001_DP0001,DP,DP,RNU,RANAU,DEPAN LOT 5,,JALAN,PEKAN,PEKAN RANAU,BLOK D,89308.0,SABAH,MALAYSIA,5.953174297,116.6632003,5236323,In Service,,,,
RNU_C001_DP0002,DP,DP,RNU,RANAU,DEPAN LOT 6,,JALAN,PEKAN,PEKAN RANAU,BLOK C,89308.0,SABAH,MALAYSIA,5.953246903,116.6638515,5236335,In Service,,,,
RNU_C001_DP0003,DP,DP,RNU,RANAU,DEPAN LOT 5,,JALAN,TAMAN,PEKAN RANAU,BLOK A,89308.0,SABAH,MALAYSIA,5.95364702,116.6652316,5236342,In Service,,,,
RNU_C001_DP0004,DP,DP,RNU,RANAU,DEPAN KEDAI ONE STOP,,JALAN,LINTAS,PEKAN RANAU,RANAU PLAZA,89308.0,SABAH,MALAYSIA,5.953227804,116.6659183,5236344,In Service,,,,
RNU_C001_DP0005,DP,DP,RNU,RANAU,SEBELAH LOT 31,,LORONG,KIBARAMBANG,PEKAN RANAU,BLOCK D,89308.0,SABAH,MALAYSIA,5.953224485,116.6623974,5236347,In Service,,,,
RNU_C001_DP0006,DP,DP,RNU,RANAU,DEPAN LOT 4,,LORONG,KIBARAMBANG,PEKAN RANAU,BLOCK T,89308.0,SABAH,MALAYSIA,5.952434295,116.6626328,5236356,In Service,,,,
RNU_C001_DP0007,DP,DP,RNU,RANAU,ANTARA LOT 10-11,,LORONG,KIBARAMBANG,PEKAN RANAU,WISMA TAIKONG,89308.0,SABAH,MALAYSIA,5.951839282,116.6628931,5236409,In Service,,,,
RNU_C001_DP0008,DP,DP,RNU,RANAU,DEPAN LOT 2,,JALAN,KIBARAMBANG,PEKAN RANAU,BLOCK I,89308.0,SABAH,MALAYSIA,5.952304162,116.66342,5236465,In Service,,,,
RNU_C001_DP0009,DP,DP,RNU,RANAU,DEPAN LOT 1,,JALAN,TAMAN,PEKAN RANAU,BLOCK N,89308.0,SABAH,MALAYSIA,5.952085426,116.664378,5236480,In Service,,,,
RNU_C001_DP0010,DP,DP,RNU,RANAU,DEPAN LOT 3,,JALAN,KEMBAR PEKAN,PEKAN RANAU,BLOCK O,89308.0,SABAH,MALAYSIA,5.951854968,116.6640151,5236487,In Service,,,,
RNU_C001_DP0011,DP,DP,RNU,RANAU,DEPAN LODGE 37,-,JALAN,TAMPARULI RANAU,PEKAN RANAU,,89308.0,SABAH,MALAYSIA,5.950477665,116.6599016,5273609,In Service,,,,
RNU_C001_DP0012,DP,DP,RNU,RANAU,ATAS TIANG HADAPAN SK ST BENEDICT,-,JALAN,TUN HUSSIEN ONN,PEKAN RANAU,,89308.0,SABAH,MALAYSIA,5.95419413,116.661928,5273610,In Service,,,,
RNU_C001_DP0013,DP,DP,RNU,RANAU,ATAS TIANG HADAPAN SMK MAT SALLEH,-,JALAN,SMK MAT SALLEH,PEKAN RANAU,,89308.0,SABAH,MALAYSIA,5.950961237,116.6703919,5339202,In Service,,,,
RNU_C001_DP0014,DP,DP,RNU,RANAU,HADAPAN PEJABAT PKG,,JALAN,PENDIDIKAN,PEKAN RANAU,,89308.0,SABAH,MALAYSIA,5.953129015,116.6687231,5339222,In Service,,,,
RNU_C001_DP0015,DP,DP,RNU,RANAU,LOT 5,1,JALAN,MASJID,WISMA KDCA,BLOK D,89308.0,SABAH,MALAYSIA,5.949350572,116.6653187,5370300,In Service,,,,
RNU_C001_DP0016,DP,DP,RNU,RANAU,LOT 6,1,JALAN,MASJID,WISMA KDCA,BLOK C,89308.0,SABAH,MALAYSIA,5.949587978,116.6647828,5370301,In Service,,,,
RNU_C001_DP0017,DP,DP,RNU,RANAU,LOT 4,1,JALAN,MASJID,WISMA KDCA,BLOK A,89308.0,SABAH,MALAYSIA,5.950086507,116.6640214,5370304,In Service,,,,
RNU_C001_DP0018,DP,DP,RNU,RANAU,LOT 3,1,JALAN,MASJID,WISMA KDCA,BLOK B,89308.0,SABAH,MALAYSIA,5.949934458,116.6642402,5370305,In Service,,,,
RNU_C001_DP0019,DP,DP,RNU,RANAU,DEPAN LOT 1,SAMA BOX DP0009,JALAN,TAMAN,PEKAN RANAU,BLOCK N,89308.0,SABAH,MALAYSIA,5.95203717,116.6643906,5442949,In Service,,,,
RNU_C001_DP0020,DP,DP,RNU,RANAU,,,JALAN,MUHIBBAH,RANAU,PEJABAT DAERAH RANAU,89308.0,SABAH,MALAYSIA,5.951099498,116.6629745,6555471,In Service,,,,
RNU_C001_DP0021,DP,DP,RNU,RANAU,,,LORONG,KIBARAMBANG,PEKAN RANAU,BLOCK G,89308.0,SABAH,MALAYSIA,5.952884567,116.6629105,6570364,In Service,,,,
RNU_C001_DP0022,DP,DP,RNU,RANAU,DEPAN LOT 4,,LORONG,KIBARAMBANG,PEKAN RANAU,BLOCK T,89308.0,SABAH,MALAYSIA,5.952498079,116.6627332,6570372,In Service,,,,
RNU_C001_DP0023,DP,DP,RNU,RANAU,,,LORONG,KIBARAMBANG,PEKAN RANAU,BLOCK F,89308.0,SABAH,MALAYSIA,5.953310632,116.6625907,6570443,In Service,,,,
RNU_C001_DP0024,DP,DP,RNU,RANAU,,,LORONG,KIBARAMBANG,PEKAN RANAU,BLOCK A,89308.0,SABAH,MALAYSIA,5.951671544,116.663184,6570519,In Service,,,,
RNU_C001_DP0025,DP,DP,RNU,RANAU,,,LORONG,KIBARAMBANG,PEKAN RANAU,WISMA TAIKONG,89308.0,SABAH,MALAYSIA,5.951830596,116.6629572,6570535,In Service,,,,
RNU_C001_DP0026,DP,DP,RNU,RANAU,DEPAN LOT C4,,LORONG,KIBARAMBANG,PEKAN RANAU,BLOCK C,89308.0,SABAH,MALAYSIA,5.952187609,116.6629959,6570559,In Service,,,,
RNU_C001_DP0027,DP,DP,RNU,RANAU,,,JALAN,TAMAN,PEKAN RANAU,BLOCK L,89308.0,SABAH,MALAYSIA,5.952913857,116.6648194,6570578,In Service,,,,
RNU_C001_DP0028,DP,DP,RNU,RANAU,,,JALAN,TAMAN,PEKAN RANAU,BLOCK K,89308.0,SABAH,MALAYSIA,5.952792824,116.664514,6570611,In Service,,,,
RNU_C001_DP0029,DP,DP,RNU,RANAU,DEPAN LOT 6,,JALAN,TAMAN,PEKAN RANAU,BLOCK M,89308.0,SABAH,MALAYSIA,5.952243427,116.6646265,6570631,In Service,,,,
RNU_C001_DP0030,DP,DP,RNU,RANAU,,,JALAN,PERSIARAN,PEKAN RANAU,PUSAT KHIDMAT MASY ADUN N30 KARANAAN,89308.0,SABAH,MALAYSIA,5.952669629,116.6642822,6570658,In Service,,,,
RNU_C001_DP0031,DP,DP,RNU,RANAU,DEPAN LOT 3,,JALAN,PERSIARAN,PEKAN RANAU,BLOCK J,89308.0,SABAH,MALAYSIA,5.952635349,116.6638249,6570667,In Service,,,,
RNU_C001_DP0032,DP,DP,RNU,RANAU,DEPAN LOT 2,,JALAN,KIBARAMBANG,PEKAN RANAU,BLOCK I,89308.0,SABAH,MALAYSIA,5.95241484,116.6634367,6570675,In Service,,,,
RNU_C001_DP0033,DP,DP,RNU,RANAU,DEPAN LOT 3,,JALAN,KEMBAR PEKAN,PEKAN RANAU,BLOCK O,89308.0,SABAH,MALAYSIA,5.951956411,116.6640593,6570693,In Service,,,,
RNU_C001_DP0034,DP,DP,RNU,RANAU,,,JALAN,MASJID,PEKAN RANAU,MAJLIS DAERAH,89308.0,SABAH,MALAYSIA,5.951119214,116.6638052,6570704,In Service,,,,
RNU_C001_DP0035,DP,DP,RNU,RANAU,,,JALAN,SEKOLAH AGAMA RANAU,PEKAN RANAU,,89300.0,SABAH,MALAYSIA,5.942530932,116.6596556,7285622,In Service,,,,
RNU_C001_DP0036,DP,DP,RNU,RANAU,,,JALAN,SEKOLAH AGAMA RANAU,PEKAN RANAU,,89300.0,SABAH,MALAYSIA,5.94280965,116.6591149,7285628,In Service,,,,
RNU_C001_DP0037,DP,DP,RNU,RANAU,,,JALAN,SEKOLAH AGAMA RANAU,PEKAN RANAU,,89300.0,SABAH,MALAYSIA,5.942295452,116.6591512,7285629,In Service,,,,
RNU_C001_DP0038,DP,DP,RNU,RANAU,,,JALAN,SEKOLAH AGAMA RANAU,PEKAN RANAU,,89300.0,SABAH,MALAYSIA,5.943505967,116.6590771,7285633,In Service,,,,
RNU_C001_DP0039,DP,DP,RNU,RANAU,,,JALAN,SEKOLAH AGAMA RANAU,PEKAN RANAU,,89300.0,SABAH,MALAYSIA,5.948357374,116.6601647,7285640,In Service,,,,
RNU_C001_DP003A,FTB,DP,RNU,RANAU,DEPAN LOT 6,,JALAN,TAMAN,PEKAN RANAU,BLOK B,89308.0,SABAH,MALAYSIA,5.953565403,116.6646593,5236343,In Service,,,,
RNU_C001_DP0040,DP,DP,RNU,RANAU,,,JALAN,TAMPARULI RANAU,PEKAN RANAU,,89300.0,SABAH,MALAYSIA,5.948113462,116.6587252,7285656,In Service,,,,
RNU_C001_DP0041,DP,DP,RNU,RANAU,,,JALAN,TAMPARULI RANAU,PEKAN RANAU,,89300.0,SABAH,MALAYSIA,5.948325242,116.6588998,7285660,In Service,,,,
RNU_C001_DP0042,DP,DP,RNU,RANAU,,,JALAN,TAMPARULI RANAU,PEKAN RANAU,,89300.0,SABAH,MALAYSIA,5.950127858,116.6603938,7285664,In Service,,,,
RNU_C001_DP0043,DP,DP,RNU,RANAU,,,JALAN,TAMPARULI RANAU,PEKAN RANAU,,89300.0,SABAH,MALAYSIA,5.949738289,116.6595935,7285665,In Service,,,,
RNU_C001_DP0044,DP,DP,RNU,RANAU,,,JALAN,TAMPARULI RANAU,PEKAN RANAU,,89300.0,SABAH,MALAYSIA,5.950554276,116.6599201,7285669,In Service,,,,
RNU_C001_DP0045,DP,DP,RNU,RANAU,,,JALAN,TAMPARULI RANAU,PEKAN RANAU,,89300.0,SABAH,MALAYSIA,5.952456305,116.6605974,7285672,In Service,,,,
RNU_C001_DP0046,DP,DP,RNU,RANAU,,,JALAN,BALAI POLIS,PEKAN RANAU,,89300.0,SABAH,MALAYSIA,5.952014655,116.6621014,7285711,In Service,,,,
RNU_C001_DP0047,DP,DP,RNU,RANAU,,,JALAN,BALAI POLIS,PEKAN RANAU,,89300.0,SABAH,MALAYSIA,5.952220598,116.6620769,7285715,In Service,,,,
RNU_C001_DP0048,DP,DP,RNU,RANAU,,,JALAN,BALAI POLIS,PEKAN RANAU,,89300.0,SABAH,MALAYSIA,5.952516693,116.6620323,7285732,In Service,,,,
RNU_C001_DP0049,DP,DP,RNU,RANAU,,,JALAN,BALAI POLIS,PEKAN RANAU,,89300.0,SABAH,MALAYSIA,5.952040879,116.6610841,7285740,In Service,,,,
RNU_C001_DP004A,FTB,DP,RNU,RANAU,DEPAN LOT 4,,JALAN,LINTAS,PEKAN RANAU,RANAU PLAZA,89308.0,SABAH,MALAYSIA,5.953125759,116.6655932,5236346,In Service,,,,
RNU_C001_DP0050,DP,DP,RNU,RANAU,,,JALAN,BALAI POLIS,PEKAN RANAU,,89300.0,SABAH,MALAYSIA,5.951986262,116.661423,7285741,In Service,,,,
RNU_C001_DP0051,DP,DP,RNU,RANAU,,,JALAN,BALAI POLIS,PEKAN RANAU,,89300.0,SABAH,MALAYSIA,5.951978156,116.6617248,7285742,In Service,,,,
RNU_C001_DP0052,DP,DP,RNU,RANAU,,,JALAN,BALAI POLIS,PEKAN RANAU,,89300.0,SABAH,MALAYSIA,5.952326723,116.661728,7285743,In Service,,,,
RNU_C001_DP0053,DP,DP,RNU,RANAU,,,JALAN,BALAI POLIS,PEKAN RANAU,,89300.0,SABAH,MALAYSIA,5.953233752,116.6615776,7285746,In Service,,,,
RNU_C001_DP0054,DP,DP,RNU,RANAU,,,JALAN,LINTAS,PEKAN RANAU,,89308.0,SABAH,MALAYSIA,5.952205114,116.6654543,7285766,In Service,,,,
RNU_C001_DP0055,DP,DP,RNU,RANAU,,,JALAN,KIBARAMBANG,PEKAN RANAU,,89300.0,SABAH,MALAYSIA,5.953306889,116.6658828,7285799,In Service,,,,
RNU_C001_DP0056,DP,DP,RNU,RANAU,,,JALAN,RANAU SANDAKAN,RANAU,,89300.0,SABAH,MALAYSIA,5.954516356,116.6659974,7285815,In Service,,,,
RNU_C001_DP0057,DP,DP,RNU,RANAU,,,JALAN,KIBARAMBANG,RANAU,,89308.0,SABAH,MALAYSIA,5.953218845,116.6632845,7285824,In Service,,,,
RNU_C001_DP0058,DP,DP,RNU,RANAU,,,JALAN,PERSIARAN,RANAU,,89300.0,SABAH,MALAYSIA,5.953243215,116.663768,7285830,In Service,,,,
RNU_C001_DP0059,DP,DP,RNU,RANAU,,,JALAN,TAMAN,RANAU,,89300.0,SABAH,MALAYSIA,5.953370792,116.6647961,7285840,In Service,,,,
RNU_C001_DP005A,FTB,DP,RNU,RANAU,DEPAN LOT 4,,LORONG,KIBARAMBANG,PEKAN RANAU,BLOCK E,89308.0,SABAH,MALAYSIA,5.953476376,116.662847,5236349,In Service,,,,
RNU_C001_DP005B,FTB,DP,RNU,RANAU,ATAS TIANG BELAKANG PETRON,,LORONG,KIBARAMBANG,PEKAN RANAU,,89308.0,SABAH,MALAYSIA,5.953709729,116.6626884,5236350,In Service,,,,
RNU_C001_DP0060,DP,DP,RNU,RANAU,,,JALAN,TAMAN,RANAU,,89300.0,SABAH,MALAYSIA,5.953736284,116.6647208,7285842,In Service,,,,
RNU_C001_DP0061,DP,DP,RNU,RANAU,,,JALAN,TAMAN,RANAU,,89300.0,SABAH,MALAYSIA,5.953552693,116.6651405,7285843,In Service,,,,
RNU_C001_DP0062,DP,DP,RNU,RANAU,,,JALAN,TAMPARULI RANAU,RANAU,,89300.0,SABAH,MALAYSIA,5.953714418,116.6605719,7285852,In Service,,,,
RNU_C001_DP0063,DP,DP,RNU,RANAU,,,JALAN,KIMOLOHING,RANAU,,89300.0,SABAH,MALAYSIA,5.956826268,116.6627764,7285855,In Service,,,,
RNU_C001_DP0064,DP,DP,RNU,RANAU,,,JALAN,KIMOLOHING,RANAU,,89300.0,SABAH,MALAYSIA,5.954467602,116.6618475,7285868,In Service,,,,
RNU_C001_DP0065,DP,DP,RNU,RANAU,,,JALAN,TAMPARULI RANAU,RANAU,,89300.0,SABAH,MALAYSIA,5.954849711,116.6630866,7285871,In Service,,,,
RNU_C001_DP0066,DP,DP,RNU,RANAU,,,JALAN,TAMPARULI RANAU,RANAU,,89300.0,SABAH,MALAYSIA,5.954888269,116.6649957,7285875,In Service,,,,
RNU_C001_DP0067,DP,DP,RNU,RANAU,,G,JALAN,MUHIBBAH,RANAU,KOMPLEKS PENTADBIRAN KERAJAAN PERSEKUTUAN RANAU,89308.0,SABAH,MALAYSIA,5.951137229,116.6622135,7419159,In Service,,,,
RNU_C001_DP0068,DP,DP,RNU,RANAU,,,JALAN,KOISAAN POI 2,RANAU,,89300.0,SABAH,MALAYSIA,5.9493075,116.6654918,9946319,In Service,,,,
RNU_C001_DP006A,FTB,DP,RNU,RANAU,DEPAN LOT 4,,LORONG,KIBARAMBANG,PEKAN RANAU,BLOCK G,89308.0,SABAH,MALAYSIA,5.952762785,116.6630143,5236372,In Service,,,,
RNU_C001_DP006B,FTB,DP,RNU,RANAU,DEPAN LOT 5,,LORONG,KIBARAMBANG,PEKAN RANAU,BLOCK F,89308.0,SABAH,MALAYSIA,5.953013219,116.6625247,5236389,In Service,,,,
RNU_C001_DP007A,FTB,DP,RNU,RANAU,DEPAN LOT 18,,LORONG,KIBARAMBANG,PEKAN RANAU,BLOCK A,89308.0,SABAH,MALAYSIA,5.951937971,116.6626215,5236431,In Service,,,,
RNU_C001_DP007B,FTB,DP,RNU,RANAU,DEPAN LOT C7,,LORONG,KIBARAMBANG,PEKAN RANAU,BLOCK C,89308.0,SABAH,MALAYSIA,5.95213883,116.6628244,5236458,In Service,,,,
RNU_C001_DP008A,FTB,DP,RNU,RANAU,DEPAN LOT 6,,JALAN,PERSIARAN,PEKAN RANAU,BLOCK J,89308.0,SABAH,MALAYSIA,5.952720324,116.6637982,5236475,In Service,,,,
RNU_C001_DP008B,FTB,DP,RNU,RANAU,PUSAT KHIDMAT MASY ADUN N30 KARANAAN,,JALAN,PERSIARAN,PEKAN RANAU,,89308.0,SABAH,MALAYSIA,5.952626495,116.664224,5236478,In Service,,,,
RNU_C001_DP009A,FTB,DP,RNU,RANAU,DEPAN LOT 3,,JALAN,TAMAN,PEKAN RANAU,BLOCK M,89308.0,SABAH,MALAYSIA,5.952158562,116.6647619,5236481,In Service,,,,
RNU_C001_DP009B,FTB,DP,RNU,RANAU,DEPAN LOT 2,,JALAN,TAMAN,PEKAN RANAU,BLOCK K,89308.0,SABAH,MALAYSIA,5.952692809,116.6646354,5236482,In Service,,,,
RNU_C001_DP009C,FTB,DP,RNU,RANAU,DEPAN LOT 2,,JALAN,TAMAN,PEKAN RANAU,BLOCK L,89308.0,SABAH,MALAYSIA,5.952969991,116.6648197,5236483,In Service,,,,
RNU_C001_DP010A,FTB,DP,RNU,RANAU,DEPAN LOT 2,,JALAN,KEMBAR PEKAN,PEKAN RANAU,BLOCK P,89308.0,SABAH,MALAYSIA,5.952266106,116.6639251,5236488,In Service,,,,
RNU_C001_DP011A,FTB,DP,RNU,RANAU,DEPAN SK PEKAN 2,,JALAN,TUN HUSSIEN ONN,PEKAN RANAU,,89308.0,SABAH,MALAYSIA,5.949254989,116.6591666,5273611,In Service,,,,
RNU_C001_DP011B,FTB,DP,RNU,RANAU,DEPAN SMK KUNDASANG,,JALAN,TUN HUSSIEN ONN,PEKAN RANAU,,89308.0,SABAH,MALAYSIA,5.945205076,116.6592149,5273612,In Service,,,,
RNU_C001_DP015A,FTB,DP,RNU,RANAU,BY NMO,,JALAN,KOISAAN POI 2,RANAU,,89300.0,SABAH,MALAYSIA,5.949115776,116.6655722,9403396,In Service,,,,
RNU_C001_DP018A,FTB,DP,RNU,RANAU,BY NMO,,JALAN,KOISAAN POI 2,RANAU,,89300.0,SABAH,MALAYSIA,5.949146483,116.665503,9432971,In Service,,,,
RNU_C001_DP021A,FTB,DP,RNU,RANAU,DEPAN LOT 3,,LORONG,KIBARAMBANG,PEKAN RANAU,BLOCK F,89308.0,SABAH,MALAYSIA,5.952943968,116.6626324,6596026,In Service,,,,
RNU_C001_DP033A,FTB,DP,RNU,RANAU,DEPAN LOT 4,,JALAN,KEMBAR PEKAN,PEKAN RANAU,BLOCK P,89308.0,SABAH,MALAYSIA,5.952199015,116.6639416,6596029,In Service,,,,
RNU_C001_DP034A,FTB,DP,RNU,RANAU,,,JALAN,MESJID,PEKAN RANAU,JABATAN BOMBA DAN PENYELAMAT,89308.0,SABAH,MALAYSIA,5.950845428,116.6644866,6596060,In Service,,,,
RNU_C001_DP038A,FTB,DP,RNU,RANAU,,,JALAN,SEKOLAH AGAMA RANAU,PEKAN RANAU,,89308.0,SABAH,MALAYSIA,5.947390116,116.6590336,7285910,In Service,,,,
RNU_C001_DP046A,FTB,DP,RNU,RANAU,,,JALAN,ACCESS POLICE BARRICK,PEKAN RANAU,,89308.0,SABAH,MALAYSIA,5.95177681,116.6622816,7285944,In Service,,,,
RNU_C001_DP053A,FTB,DP,RNU,RANAU,,,JALAN,ACCESS POLICE BARRICK,PEKAN RANAU,,89308.0,SABAH,MALAYSIA,5.953280456,116.6618302,7285950,In Service,,,,
RNU_C001_DP054A,FTB,DP,RNU,RANAU,LOT 1,GF,JALAN,KEMBAR PEKAN RANAU,PEKAN RANAU,HAP SENG,89300.0,SABAH,MALAYSIA,5.952181273,116.6651834,11228304,In Service,,,,
RNU_C001_DP055A,FTB,DP,RNU,RANAU,,,JALAN,LINTAS,PEKAN RANAU,,89308.0,SABAH,MALAYSIA,5.953238596,116.665572,7297330,In Service,,,,
RNU_C001_DP058A,FTB,DP,RNU,RANAU,,,JALAN,PEKAN,PEKAN RANAU,,89308.0,SABAH,MALAYSIA,5.954098526,116.6640148,7297334,In Service,,,,
RNU_C001_DP062A,FTB,DP,RNU,RANAU,,,JALAN,TAMPARULI RANAU,PEKAN RANAU,,89308.0,SABAH,MALAYSIA,5.952402695,116.66006,7285961,In Service,,,,
RNU_C001_DP062B,FTB,DP,RNU,RANAU,,,JALAN,JABATAN AIR RANAU,PEKAN RANAU,,89308.0,SABAH,MALAYSIA,,,7716242,In Service,,,,
RNU_C001_DP062C,FTB,DP,RNU,RANAU,,,JALAN,JABATAN AIR RANAU,PEKAN RANAU,JABATAN AIR RANAU,89308.0,SABAH,MALAYSIA,,,7716244,In Service,,,,
KDS_C001,FDC,FDC,KDS,KUNDASANG,,,JALAN,SINISIAN,KAMPUNG SINISIAN,TM EXCHANGE,89300.0,SABAH,MALAYSIA,5.980485388,116.576368,4917061,In Service,,,,SIte List.csv
KDS_C001_DP0001,DP,DP,KDS,KUNDASANG,,J RESIDENCE,JALAN,TAMPARULI RANAU,KUNDASANG,,89300.0,SABAH,MALAYSIA,6.004353266,116.538496,4917130,In Service,,,,SIte List.csv
KDS_C001_DP0002,DP,DP,KDS,KUNDASANG,,MILE 36,JALAN,TAMPARULI RANAU,KUNDASANG,,89300.0,SABAH,MALAYSIA,5.996745031,116.5491436,4917132,In Service,,,,SIte List.csv
KDS_C001_DP0003,DP,DP,KDS,KUNDASANG,,ROSE CABIN,JALAN,TAMPARULI RANAU,KUNDASANG,,89300.0,SABAH,MALAYSIA,5.994468961,116.5534054,4917133,In Service,,,,SIte List.csv
KDS_C001_DP0004,DP,DP,KDS,KUNDASANG,,SIMPANG KG KINASARABAN,JALAN,TAMPARULI RANAU,KAMPUNG KINASARABAN,,89300.0,SABAH,MALAYSIA,5.980833132,116.5621001,4917134,In Service,,,,SIte List.csv
KDS_C001_DP0005,DP,DP,KDS,KUNDASANG,,HADAPAN RESTORAN INTAN CAFE,JALAN,TAMPARULI RANAU,KAMPUNG KUNDASANG,,89300.0,SABAH,MALAYSIA,5.985335188,116.5741781,4917135,In Service,,,,SIte List.csv
KDS_C001_DP0006,DP,DP,KDS,KUNDASANG,,WALAI TOKOU,JALAN,TAMPARULI RANAU,KAMPUNG SINISIAN,,89300.0,SABAH,MALAYSIA,5.982735561,116.5784657,4917141,In Service,,,,SIte List.csv
KDS_C001_DP0007,DP,DP,KDS,KUNDASANG,,DLONDUS CAFE,JALAN,TAMPARULI RANAU,KAMPUNG SINISIAN,,89300.0,SABAH,MALAYSIA,5.984021881,116.5769954,4917142,In Service,,,,SIte List.csv
KDS_C001_DP0008,DP,DP,KDS,KUNDASANG,,,JALAN,LOBOU-LOBOU SATU,KAMPUNG LEMBAH PERMAI,,89300.0,SABAH,MALAYSIA,5.991701063,116.575932,4917144,In Service,,,,SIte List.csv
KDS_C001_DP0009,DP,DP,KDS,KUNDASANG,SAMA BOX DP0011,,JALAN,KUNDASANG KAULUAN,KUNDASANG,,89300.0,SABAH,MALAYSIA,5.990652237,116.5769712,4917145,In Service,,,,SIte List.csv
KDS_C001_DP0010,DP,DP,KDS,KUNDASANG,6,G,JALAN,KUNDASANG,PEKAN KUNDASANG,,89300.0,SABAH,MALAYSIA,5.986276869,116.575887,4917149,In Service,,,,SIte List.csv
KDS_C001_DP0011,DP,DP,KDS,KUNDASANG,,,JALAN,KUNDASANG KAULUAN (SAMA DP DENGAN DP0009),KUNDASANG,,89300.0,SABAH,MALAYSIA,5.990579989,116.5769905,5016477,In Service,,,,SIte List.csv
KDS_C001_DP0012,DP,DP,KDS,KUNDASANG,YOKI RINA,,JALAN,JALAN KEM BINA NEGARA,KUNDASANG,,89300.0,SABAH,MALAYSIA,5.97545351,116.5828702,5110501,In Service,,,,SIte List.csv
KDS_C001_DP0013,DP,DP,KDS,KUNDASANG,TEMP RATE GARDEN PRODUCT SDN BHD,,JALAN,KAMPUNG CINTA MATA,KAMPUNG CINTA MATA,,89300.0,SABAH,MALAYSIA,6.005485755,116.5824917,5130915,In Service,,,,SIte List.csv
KDS_C001_DP0014,DP,DP,KDS,KUNDASANG,SINURAMBI HOMESTAY,,JALAN,KAMPUNG CINTA MATA,KAMPUNG CINTA MATA,,89300.0,SABAH,MALAYSIA,6.003051416,116.5812212,5130935,In Service,,,,SIte List.csv
KDS_C001_DP0015,DP,DP,KDS,KUNDASANG,SEBORONG FARMER'S COTTAGE,,JALAN,KAMPUNG CINTA MATA,KAMPUNG CINTA MATA,,89300.0,SABAH,MALAYSIA,6.002062542,116.5811152,5130937,In Service,,,,SIte List.csv
KDS_C001_DP0016,DP,DP,KDS,KUNDASANG,WALAI TOKOU ZORAINI HOMESTAY,,JALAN,KAMPUNG CINTA MATA,KAMPUNG CINTA MATA,,89300.0,SABAH,MALAYSIA,5.9973819,116.58008,5130938,In Service,,,,SIte List.csv
KDS_C001_DP0017,DP,DP,KDS,KUNDASANG,1,,JALAN,KAMPUNG KINASARABAN,KAMPUNG KINASARABAN,,89300.0,SABAH,MALAYSIA,5.980820101,116.558666,5207128,In Service,,,,SIte List.csv
KDS_C001_DP0018,DP,DP,KDS,KUNDASANG,1,,JALAN,KAMPUNG KINASARABAN,KAMPUNG KINASARABAN,,89300.0,SABAH,MALAYSIA,5.983606555,116.5575672,5315855,In Service,,,,SIte List.csv
KDS_C001_DP0019,DP,DP,KDS,KUNDASANG,2,,JALAN,KAMPUNG KINASARABAN,KAMPUNG KINASARABAN,,89300.0,SABAH,MALAYSIA,5.980388284,116.5605859,5315858,In Service,,,,SIte List.csv
KDS_C001_DP001A,FTB,DP,KDS,KUNDASANG,,,JALAN,TAMPARULI RANAU,KUNDASANG,KINABALU NATIONAL PARK,89300.0,SABAH,MALAYSIA,6.005175052,116.5436144,4918910,In Service,,,,SIte List.csv
KDS_C001_DP0020,DP,DP,KDS,KUNDASANG,3,,JALAN,KAMPUNG KINASARABAN,KAMPUNG KINASARABAN,,89300.0,SABAH,MALAYSIA,5.980280377,116.5617934,5315860,In Service,,,,SIte List.csv
KDS_C001_DP0021,DP,DP,KDS,KUNDASANG,1,,JALAN,KUNDASANG RANAU,KAMPUNG KALANGGAAN,,89300.0,SABAH,MALAYSIA,5.996795146,116.5491358,5425442,In Service,,,,SIte List.csv
KDS_C001_DP0022,DP,DP,KDS,KUNDASANG,17,G,JALAN,PEKAN KUNDASANG,KUNDASANG,PEKAN KUNDASANG,89300.0,SABAH,MALAYSIA,5.985996061,116.5759637,5722776,In Service,,,,SIte List.csv
KDS_C001_DP0023,DP,DP,KDS,KUNDASANG,56310,,JALAN,MESILOU,KAMPUNG CINTA MATA,,89300.0,SABAH,MALAYSIA,6.005608707,116.5857055,5931703,In Service,,,,SIte List.csv
KDS_C001_DP0024,DP,DP,KDS,KUNDASANG,093,,JALAN,KAULUAN,KAMPUNG LEMBAH PERMAI,,89300.0,SABAH,MALAYSIA,5.994849548,116.5776731,5931718,In Service,,,,SIte List.csv
KDS_C001_DP0025,DP,DP,KDS,KUNDASANG,543,,JALAN,KAULUAN,KAMPUNG LEMBAH PERMAI,,89300.0,SABAH,MALAYSIA,5.992098265,116.5760336,5931762,In Service,,,,SIte List.csv
KDS_C001_DP0026,DP,DP,KDS,KUNDASANG,531,,JALAN,KAULUAN,KAMPUNG LEMBAH PERMAI,,89300.0,SABAH,MALAYSIA,5.989139036,116.5772564,5931767,In Service,,,,SIte List.csv
KDS_C001_DP0027,DP,DP,KDS,KUNDASANG,H97253,,JALAN,SINISIAN,KAMPUNG SINISIAN,,89300.0,SABAH,MALAYSIA,5.982866417,116.5775468,5931769,In Service,,,,SIte List.csv
KDS_C001_DP0028,DP,DP,KDS,KUNDASANG,H06157,,JALAN,SINISIAN,KAMPUNG SINISIAN,,89300.0,SABAH,MALAYSIA,5.982813578,116.578124,5931771,In Service,,,,SIte List.csv
KDS_C001_DP0029,DP,DP,KDS,KUNDASANG,H21388,,JALAN,SINISIAN,KAMPUNG SINISIAN,,89300.0,SABAH,MALAYSIA,5.982917126,116.5786779,5931772,In Service,,,,SIte List.csv
KDS_C001_DP002A,FTB,DP,KDS,KUNDASANG,,89 STATION,JALAN,TAMPARULI RANAU,KUNDASANG,,89300.0,SABAH,MALAYSIA,5.999909937,116.5468913,4918921,In Service,,,,SIte List.csv
KDS_C001_DP002B,FTB,DP,KDS,KUNDASANG,,MOUNT BORNEO,JALAN,TAMPARULI RANAU,KUNDASANG,,89300.0,SABAH,MALAYSIA,5.994594189,116.5504803,4918924,In Service,,,,SIte List.csv
KDS_C001_DP0030,DP,DP,KDS,KUNDASANG,H56677,,JALAN,SINISIAN,KAMPUNG SINISIAN,,89300.0,SABAH,MALAYSIA,5.984521263,116.5783545,5931782,In Service,,,,SIte List.csv
KDS_C001_DP0031,DP,DP,KDS,KUNDASANG,1,,JALAN,DESA AMAN,KAMPUNG DESA AMAN ATAS,,89300.0,SABAH,MALAYSIA,5.988557385,116.5694361,6594444,In Service,,,,SIte List.csv
KDS_C001_DP0032,DP,DP,KDS,KUNDASANG,2,,JALAN,DESA AMAN,KAMPUNG DESA AMAN ATAS,,89300.0,SABAH,MALAYSIA,5.987270488,116.5695288,6594445,In Service,,,,SIte List.csv
KDS_C001_DP0033,DP,DP,KDS,KUNDASANG,3,,JALAN,DESA AMAN,KAMPUNG DESA AMAN,,89300.0,SABAH,MALAYSIA,5.985932476,116.5704363,6594451,In Service,,,,SIte List.csv
KDS_C001_DP0034,DP,DP,KDS,KUNDASANG,4,,JALAN,LEMBAH PERMAI,KAMPUNG LEMBAH PERMAI,,89300.0,SABAH,MALAYSIA,5.988510755,116.5723075,6594463,In Service,,,,SIte List.csv
KDS_C001_DP0035,DP,DP,KDS,KUNDASANG,35,,JALAN,SHELL KUNDASANG,KOPERASI PEMBANGUNAN DESA,,89308.0,SABAH,MALAYSIA,5.985283818,116.5719609,6884944,In Service,,,,SIte List.csv
KDS_C001_DP0036,DP,DP,KDS,KUNDASANG,,,JALAN,TAMPARULI RANAU,KUNDASANG,OPPA 28 HOTEL,89300.0,SABAH,MALAYSIA,6.004827008,116.5362604,7325075,In Service,,,,SIte List.csv
KDS_C001_DP0037,DP,DP,KDS,KUNDASANG,,,JALAN,TAMPARULI RANAU,KUNDASANG,LILY COTTAGE & KITCHEN,89300.0,SABAH,MALAYSIA,6.004308812,116.5315836,7325087,In Service,,,,SIte List.csv
KDS_C001_DP0038,DP,DP,KDS,KUNDASANG,,,JALAN,LOBOU-LOBOU,KG. LEMBAH PERMAI,,89300.0,SABAH,MALAYSIA,5.990532044,116.5736203,7484627,In Service,,,,SIte List.csv
KDS_C001_DP0039,DP,DP,KDS,KUNDASANG,,,JALAN,LOBOU-LOBOU,KG. LEMBAH PERMAI,,89300.0,SABAH,MALAYSIA,5.990339146,116.5746119,7484630,In Service,,,,SIte List.csv
KDS_C001_DP003A,FTB,DP,KDS,KUNDASANG,,KUNDASANG MOUNT VALLEY,JALAN,TAMPARULI RANAU,KUNDASANG,,89300.0,SABAH,MALAYSIA,5.992877204,116.554581,4918929,In Service,,,,SIte List.csv
KDS_C001_DP003B,FTB,DP,KDS,KUNDASANG,,,JALAN,TAMPARULI RANAU,KUNDASANG,,89300.0,SABAH,MALAYSIA,,,7620686,In Service,,,,SIte List.csv
KDS_C001_DP003C,FTB,DP,KDS,KUNDASANG,,,JALAN,TAMPARULI RANAU,KUNDASANG,,89300.0,SABAH,MALAYSIA,,,7620692,In Service,,,,SIte List.csv
KDS_C001_DP0040,DP,DP,KDS,KUNDASANG,,,JALAN,LOBOU-LOBOU,KG. LEMBAH PERMAI,,89300.0,SABAH,MALAYSIA,5.991816805,116.5751711,7484636,In Service,,,,SIte List.csv
KDS_C001_DP0041,DP,DP,KDS,KUNDASANG,,,JALAN,LOBOU-LOBOU,KG. LEMBAH PERMAI,,89300.0,SABAH,MALAYSIA,5.991503828,116.5758085,7484640,In Service,,,,SIte List.csv
KDS_C001_DP0042,DP,DP,KDS,KUNDASANG,,,JALAN,LOBOU-LOBOU,KG. LEMBAH PERMAI,,89300.0,SABAH,MALAYSIA,5.989643958,116.575705,7484643,In Service,,,,SIte List.csv
KDS_C001_DP0043,DP,DP,KDS,KUNDASANG,,,JALAN,TAMPARULI RANAU,KUNDASANG,,89300.0,SABAH,MALAYSIA,5.996981586,116.5491918,7620651,In Service,,,,SIte List.csv
KDS_C001_DP0044,DP,DP,KDS,KUNDASANG,57,,,KAMPUNG KINASARABAN,KAMPUNG KINASARABAN,,89300.0,SABAH,MALAYSIA,5.985255034,116.5563582,7855506,In Service,,,,SIte List.csv
KDS_C001_DP0045,DP,DP,KDS,KUNDASANG,69,,,KAMPUNG KINASARABAN,KAMPUNG KINASARABAN,,89300.0,SABAH,MALAYSIA,5.982222676,116.5581468,7855509,In Service,,,,SIte List.csv
KDS_C001_DP0046,DP,DP,KDS,KUNDASANG,69,,JALAN,MOHIBOYON KIBBAS,KAMPUNG DUMPIRING,,89300.0,SABAH,MALAYSIA,5.984420007,116.573807,7855527,In Service,,,,SIte List.csv
KDS_C001_DP0047,DP,DP,KDS,KUNDASANG,,HADAPAN RESTORAN INTAN CAFE,JALAN,TAMPARULI RANAU,KAMPUNG KUNDASANG,,89300.0,SABAH,MALAYSIA,5.985265978,116.5742778,7855530,In Service,,,,SIte List.csv
KDS_C001_DP0048,DP,DP,KDS,KUNDASANG,,,JALAN,SINISIAN,KUNDASANG,PERKASA HOTEL,89300.0,SABAH,MALAYSIA,5.977404167,116.5789338,7855578,In Service,,,,SIte List.csv
KDS_C001_DP0049,DP,DP,KDS,KUNDASANG,,,JALAN,SINISIAN,KUNDASANG,SIMPANG TM NODE KUNDASANG,89300.0,SABAH,MALAYSIA,5.981489263,116.5762814,7855584,In Service,,,,SIte List.csv
KDS_C001_DP004A,FTB,DP,KDS,KUNDASANG,,STRAWBERRY GARDEN,JALAN,TAMPARULI RANAU,KUNDASANG,,89300.0,SABAH,MALAYSIA,5.981858294,116.5587804,4918931,In Service,,,,SIte List.csv
KDS_C001_DP0050,DP,DP,KDS,KUNDASANG,,,JALAN,KUNDASANG KAULUAN,KAMPUNG MESILOU,,89307.0,SABAH,MALAYSIA,5.995326943,116.5780266,8967027,In Service,,,,SIte List.csv
KDS_C001_DP0051,DP,DP,KDS,KUNDASANG,,,JALAN,TAMPARULI-RANAU,KAMPUNG SINISIAN,,89307.0,SABAH,MALAYSIA,5.9794762,116.584149,9078668,In Service,,,,SIte List.csv
KDS_C001_DP0052,DP,DP,KDS,KUNDASANG,,,JALAN,KUNDASANG KAULUAN,KAMPUNG LEMBAH PERMAI,,89307.0,SABAH,MALAYSIA,5.990555166,116.5782417,9319687,In Service,,,,SIte List.csv
KDS_C001_DP0053,DP,DP,KDS,KUNDASANG,,,JALAN,KUNDASANG KAULUAN,KAMPUNG MESILOU,,89307.0,SABAH,MALAYSIA,5.992891365,116.5783717,10539154,In Service,,,,SIte List.csv
KDS_C001_DP0054,DP,DP,KDS,KUNDASANG,DLM NODE TM KINANDUSAN,G,JALAN,SINISIAN,KAMPUNG SINISIAN,DSS STESEN BUKIT KINANDUSAN,89300.0,SABAH,MALAYSIA,5.973264943,116.5863779,11107677,In Service,,,,SIte List.csv
KDS_C001_DP0055,DP,DP,KDS,KUNDASANG,,,JALAN,TAMPARULI-RANAU,KAMPUNG DESA AMAN,,89300.0,SABAH,MALAYSIA,5.99014132,116.5719734,11121498,In Service,,,,SIte List.csv
KDS_C001_DP0056,DP,DP,KDS,KUNDASANG,,,JALAN,TAMPARULI-RANAU,KAMPUNG SINISIAN,,89307.0,SABAH,MALAYSIA,5.979193611,116.5913202,11345886,In Service,,,,SIte List.csv
KDS_C001_DP005A,FTB,DP,KDS,KUNDASANG,,,JALAN,JALAN KIBBAS MOHIMBOYON,KAMPUNG KUNDASANG,,89300.0,SABAH,MALAYSIA,5.979328391,116.5724152,4918936,In Service,,,,SIte List.csv
KDS_C001_DP005B,FTB,DP,KDS,KUNDASANG,,NABALU KUNDASANG,JALAN,TAMPARULI RANAU,KUNDASANG,,89300.0,SABAH,MALAYSIA,5.986386188,116.5718566,4918938,In Service,,,,SIte List.csv
KDS_C001_DP006A,FTB,DP,KDS,KUNDASANG,,,JALAN,SINISIAN,KAMPUNG SINISIAN,PINE RESORT,89300.0,SABAH,MALAYSIA,5.982227781,116.5797034,4918943,In Service,,,,SIte List.csv
KDS_C001_DP007A,FTB,DP,KDS,KUNDASANG,,,JALAN,SINISIAN,KUNDASANG,PERKASA HOTEL,89300.0,SABAH,MALAYSIA,5.977113129,116.5787383,4918955,In Service,,,,SIte List.csv
KDS_C001_DP007B,FTB,DP,KDS,KUNDASANG,,,JALAN,SINISIAN,KUNDASANG,TM RESORT,89300.0,SABAH,MALAYSIA,5.979668079,116.5761528,4918961,In Service,,,,SIte List.csv
KDS_C001_DP008A,FTB,DP,KDS,KUNDASANG,,,JALAN,LOBOU-LOBOU SATU,KAMPUNG LEMBAH PERMAI,,89300.0,SABAH,MALAYSIA,5.990883839,116.5757287,4918985,In Service,,,,SIte List.csv
KDS_C001_DP008B,FTB,DP,KDS,KUNDASANG,,,JALAN,LOBOU-LOBOU SATU,KAMPUNG LEMBAH PERMAI,,89300.0,SABAH,MALAYSIA,5.991029928,116.5749782,4918995,In Service,,,,SIte List.csv
KDS_C001_DP009A,FTB,DP,KDS,KUNDASANG,,D'IZZ HOMESTAY,JALAN,KUNDASANG KAULUAN,KUNDASANG,,89300.0,SABAH,MALAYSIA,5.995901052,116.5783663,4919034,In Service,,,,SIte List.csv
KDS_C001_DP009B,FTB,DP,KDS,KUNDASANG,,,JALAN,KAMPUNG MUHIBBAH,KAMPUNG MUHIBBAH,,89300.0,SABAH,MALAYSIA,5.992763193,116.577254,4919047,In Service,,,,SIte List.csv
KDS_C001_DP010A,FTB,DP,KDS,KUNDASANG,,KFC,JALAN,PEKAN KUNDASANG,PEKAN KUNDASANG,KEDAI SEDCO,89300.0,SABAH,MALAYSIA,5.985998571,116.5758381,4919054,In Service,,,,SIte List.csv
KDS_C001_DP011A,FTB,DP,KDS,KUNDASANG,,D'IZZ HOMESTAY,JALAN,KUNDASANG KAULUAN,KUNDASANG,,89300.0,SABAH,MALAYSIA,5.995796718,116.5783534,5016478,In Service,,,,SIte List.csv
KDS_C001_DP011B,FTB,DP,KDS,KUNDASANG,,,JALAN,KAMPUNG MUHIBBAH,KAMPUNG MUHIBBAH,,89300.0,SABAH,MALAYSIA,5.992831439,116.5772732,5016480,In Service,,,,SIte List.csv
KDS_C001_DP012A,FTB,DP,KDS,KUNDASANG,HAPPY VILLAGE,,JALAN,JALAN KEM BINA NEGARA,KUNDASANG,,89300.0,SABAH,MALAYSIA,5.975746825,116.5845144,5110671,In Service,,,,SIte List.csv
KDS_C001_DP012B,FTB,DP,KDS,KUNDASANG,CRYSTALL HILL,,JALAN,JALAN CRYSTALL HILL,KUNDASANG,,89300.0,SABAH,MALAYSIA,5.976776589,116.5836322,5927324,In Service,,,,SIte List.csv
KDS_C001_DP014A,FTB,DP,KDS,KUNDASANG,KANAWAHON HOMESTAY,,JALAN,KAMPUNG CINTA MATA,KAMPUNG CINTA MATA,,89300.0,SABAH,MALAYSIA,6.00356644,116.5806209,5130952,In Service,,,,SIte List.csv
KDS_C001_DP014B,FTB,DP,KDS,KUNDASANG,,,JALAN,TAMBIAU,KAMPUNG TAMBIAU,,89300.0,SABAH,MALAYSIA,6.004583656,116.5820223,10570944,In Service,,,,SIte List.csv
KDS_C001_DP016A,FTB,DP,KDS,KUNDASANG,JIC SENG NUSERY,,JALAN,KAMPUNG CINTA MATA,KAMPUNG CINTA MATA,,89300.0,SABAH,MALAYSIA,5.999944421,116.5814663,5130963,In Service,,,,SIte List.csv
KDS_C001_DP016B,FTB,DP,KDS,KUNDASANG,,,JALAN,KUNDASANG KAULUAN,KAMPUNG MESILOU,,89307.0,SABAH,MALAYSIA,5.996343,116.5819464,9149349,In Service,,,,SIte List.csv
KDS_C001_DP017A,FTB,DP,KDS,KUNDASANG,HADAPAN SK KINASARABAN,,JALAN,KAMPUNG KINASARABAN,KAMPUNG KINASARABAN,,89300.0,SABAH,MALAYSIA,5.980268383,116.5580103,5207131,In Service,,,,SIte List.csv
KDS_C001_DP018A,FTB,DP,KDS,KUNDASANG,4,,JALAN,KAMPUNG KINASARABAN,KAMPUNG KINASARABAN,,89300.0,SABAH,MALAYSIA,5.984995548,116.5575324,5316032,In Service,,,,SIte List.csv
KDS_C001_DP018B,FTB,DP,KDS,KUNDASANG,5,,JALAN,KAMPUNG KINASARABAN,KAMPUNG KINASARABAN,,89300.0,SABAH,MALAYSIA,5.983427285,116.5568525,5316035,In Service,,,,SIte List.csv
KDS_C001_DP019A,FTB,DP,KDS,KUNDASANG,6,,JALAN,KAMPUNG KINASARABAN,KAMPUNG KINASARABAN,,89300.0,SABAH,MALAYSIA,5.97947236,116.5617046,5316045,In Service,,,,SIte List.csv
KDS_C001_DP020A,FTB,DP,KDS,KUNDASANG,1,,JALAN,KUNDASANG RANAU,SKYVILLE ZEN RESORT,KUNDASANG MEDITATION CENTRE,89300.0,SABAH,MALAYSIA,5.983451622,116.5595684,5722719,In Service,,,,SIte List.csv
KDS_C001_DP021A,FTB,DP,KDS,KUNDASANG,101,,JALAN,KUNDASANG RANAU,KAMPUNG KALANGGAAN,,89300.0,SABAH,MALAYSIA,5.999959748,116.5468501,5425474,In Service,,,,SIte List.csv
KDS_C001_DP021B,FTB,DP,KDS,KUNDASANG,102,,JALAN,KUNDASANG RANAU,KAMPUNG KALANGGAAN,,89300.0,SABAH,MALAYSIA,5.994602184,116.5505241,5425477,In Service,,,,SIte List.csv
KDS_C001_DP022A,FTB,DP,KDS,KUNDASANG,G,15,JALAN,PEKAN KUNDASANG,KUNDASANG,PEKAN KUNDASANG,89300.0,SABAH,MALAYSIA,5.986119771,116.575615,5722800,In Service,,,,SIte List.csv
KDS_C001_DP022B,FTB,DP,KDS,KUNDASANG,G,5,JALAN,PEKAN KUNDASANG,KUNDASANG,PEKAN KUNDASANG,89300.0,SABAH,MALAYSIA,5.986159786,116.5761363,5931516,In Service,,,,SIte List.csv
KDS_C001_DP022C,FTB,DP,KDS,KUNDASANG,HADAPAN DEWAN SERBAGUNA,,JALAN,PEKAN KUNDASANG,KUNDASANG,PEKAN KUNDASANG,89300.0,SABAH,MALAYSIA,5.986166041,116.5765563,5931520,In Service,,,,SIte List.csv
KDS_C001_DP023A,FTB,DP,KDS,KUNDASANG,56310,,JALAN,MESILOU,KAMPUNG CINTA MATA,,89300.0,SABAH,MALAYSIA,6.007896477,116.5878093,5931861,In Service,,,,SIte List.csv
KDS_C001_DP023B,FTB,DP,KDS,KUNDASANG,H5153,,JALAN,MESILOU,KAMPUNG CINTA MATA,,89300.0,SABAH,MALAYSIA,6.004015482,116.5870307,5931873,In Service,,,,SIte List.csv
KDS_C001_DP024A,FTB,DP,KDS,KUNDASANG,12-5714,,JALAN,MESILOU,KAMPUNG LEMBAH PERMAI,,89300.0,SABAH,MALAYSIA,5.990943689,116.5764318,5931880,In Service,,,,SIte List.csv
KDS_C001_DP024B,FTB,DP,KDS,KUNDASANG,,,JALAN,MESILOU,KAMPUNG LEMBAH PERMAI,,89300.0,SABAH,MALAYSIA,,,7389832,In Service,,,,SIte List.csv
KDS_C001_DP025A,FTB,DP,KDS,KUNDASANG,H91227,,JALAN,LEMBAH PERMAI,KAMPUNG LEMBAH PERMAI,,89300.0,SABAH,MALAYSIA,5.99083181,116.5747895,5931888,In Service,,,,SIte List.csv
KDS_C001_DP025B,FTB,DP,KDS,KUNDASANG,12-5329,,JALAN,LEMBAH PERMAI,KAMPUNG LEMBAH PERMAI,,89300.0,SABAH,MALAYSIA,5.990329962,116.574862,5931895,In Service,,,,SIte List.csv
KDS_C001_DP026A,FTB,DP,KDS,KUNDASANG,KLINIK PERGIGIAN,,JALAN,KUNDASANG,KAMPUNG LEMBAH PERMAI,,89300.0,SABAH,MALAYSIA,5.990027497,116.57826,5931900,In Service,,,,SIte List.csv
KDS_C001_DP026B,FTB,DP,KDS,KUNDASANG,H58219,,JALAN,KUNDASANG,KAMPUNG LEMBAH PERMAI,,89300.0,SABAH,MALAYSIA,5.991197019,116.5794994,5931907,In Service,,,,SIte List.csv
KDS_C001_DP029A,FTB,DP,KDS,KUNDASANG,H21388,,JALAN,SINISIAN,KAMPUNG SINISIAN,,89300.0,SABAH,MALAYSIA,5.982502357,116.5796568,5931916,In Service,,,,SIte List.csv
KDS_C001_DP030A,FTB,DP,KDS,KUNDASANG,BY NMO,,JALAN,TAMPARULI-RANAU,KAMPUNG SINISIAN,,89307.0,SABAH,MALAYSIA,5.98261015,116.5802086,9524195,In Service,,,,SIte List.csv
KDS_C001_DP034A,FTB,DP,KDS,KUNDASANG,5,,JALAN,LEMBAH PERMAI,KAMPUNG LEMBAH PERMAI,,89300.0,SABAH,MALAYSIA,5.989464048,116.5722753,6594521,In Service,,,,SIte List.csv
KDS_C001_DP036A,FTB,DP,KDS,KUNDASANG,,,JALAN,TAMPARULI RANAU,KUNDASANG,HALELUYAH RETREAT CENTER,89300.0,SABAH,MALAYSIA,,,7325730,In Service,,,,SIte List.csv
KDS_C001_DP036B,FTB,DP,KDS,KUNDASANG,,,JALAN,TAMPARULI RANAU,KUNDASANG,KINABALU NATIONAL PARK,89300.0,SABAH,MALAYSIA,,,7325734,In Service,,,,SIte List.csv
KDS_C001_DP037A,FTB,DP,KDS,KUNDASANG,,,JALAN,TAMPARULI RANAU,KUNDASANG,GERAI SIMPANG BUNDU TUHAN,89300.0,SABAH,MALAYSIA,,,7325737,In Service,,,,SIte List.csv
KDS_C001_DP037B,FTB,DP,KDS,KUNDASANG,,,JALAN,BUNDU TUHAN,',,89300.0,SABAH,MALAYSIA,5.999377312,116.5274776,8914111,In Service,,,,SIte List.csv
KDS_C001_DP037C,FTB,DP,KDS,KUNDASANG,,,JALAN,TAMPARULI-RANAU,KAMPUNG SINISIAN,,89307.0,SABAH,MALAYSIA,6.008940734,116.5332662,9266528,Planned,,,,SIte List.csv
KDS_C001_DP037D,FTB,DP,KDS,KUNDASANG,,,JALAN,TAMPARULI-RANAU,KAMPUNG SINISIAN,,89307.0,SABAH,MALAYSIA,6.011526388,116.5345175,9265474,Planned,,,,SIte List.csv
KDS_C001_DP043A,FTB,DP,KDS,KUNDASANG,,,JALAN,TAMPARULI RANAU,KUNDASANG,,89300.0,SABAH,MALAYSIA,,,7620680,In Service,,,,SIte List.csv
KDS_C001_DP044A,FTB,DP,KDS,KUNDASANG,73,,JALAN,KINASARABAN BUNDU TUHAN,KAMPUNG KINASARABAN,,89300.0,SABAH,MALAYSIA,,,7855632,In Service,,,,SIte List.csv
KDS_C001_DP044B,FTB,DP,KDS,KUNDASANG,85,,JALAN,KINASARABAN BUNDU TUHAN,KAMPUNG KINASARABAN,,89300.0,SABAH,MALAYSIA,,,7855652,In Service,,,,SIte List.csv
KDS_C001_DP049A,FTB,DP,KDS,KUNDASANG,,,JALAN,SINISIAN,KUNDASANG,DEKAT MASJID JAMEK,89300.0,SABAH,MALAYSIA,,,7855662,In Service,,,,SIte List.csv
KDS_C001_DP051A,FTB,DP,KDS,KUNDASANG,,,JALAN,TAMPARULI-RANAU,KAMPUNG SINISIAN,,89307.0,SABAH,MALAYSIA,5.978838811,116.583917,9078669,In Service,,,,SIte List.csv
KDS_C001_DP053A,FTB,DP,KDS,KUNDASANG,,,JALAN,KUNDASANG KAULUAN,KAMPUNG MESILOU,,89307.0,SABAH,MALAYSIA,5.993109996,116.5804924,10539161,In Service,,,,SIte List.csv
KDS_C002M,FDC,MINI FDC,KDS,KUNDASANG,,,JALAN,KG PINAUSOK,KUNDASANG,,89300.0,SABAH,MALAYSIA,5.965565269,116.6011255,5279908,In Service,,,,SIte List (1).csv
KDS_C002M_DP0001,DP,DP,KDS,KUNDASANG,,,JALAN,KG PINAUSOK,KUNDASANG,,89300.0,SABAH,MALAYSIA,5.965070787,116.6014428,5280039,In Service,,,,SIte List (1).csv
KDS_C002M_DP0002,DP,DP,KDS,KUNDASANG,,,JALAN,MOHIBOYON KIBBAS,KAMPUNG DUMPIRING,,89308.0,SABAH,MALAYSIA,5.971060916,116.5979096,9006237,In Service,,,,SIte List (1).csv
KDS_C002M_DP001A,FTB,DP,KDS,KUNDASANG,,,JALAN,SK KG PINAUSOK,KUNDASANG,,89300.0,SABAH,MALAYSIA,5.964275695,116.6044969,5280046,In Service,,,,SIte List (1).csv
KDS_C002M_DP001B,FTB,DP,KDS,KUNDASANG,,,JALAN,MOHIBOYON KIBBAS,KAMPUNG DUMPIRING,,89308.0,SABAH,MALAYSIA,5.967282256,116.598807,9006238,In Service,,,,SIte List (1).csv
KDS_C002M_DP002A,FTB,DP,KDS,KUNDASANG,,,JALAN,MOHIBOYON KIBBAS,KAMPUNG DUMPIRING,,89308.0,SABAH,MALAYSIA,5.972258961,116.5964136,9006239,In Service,,,,SIte List (1).csv
KDS_C003M,FDC,MINI FDC,KDS,KUNDASANG,,,JALAN,KG MESILOU,KUNDASANG,,89300.0,SABAH,MALAYSIA,6.013562875,116.5967917,5276917,In Service,,,,SIte List (2).csv
KDS_C003M_DP0001,DP,DP,KDS,KUNDASANG,,,JALAN,SK KG MESILOU,KUNDASANG,,89300.0,SABAH,MALAYSIA,6.010780995,116.5981144,5277111,In Service,,,,SIte List (2).csv
KDS_C003M_DP0002,DP,DP,KDS,KUNDASANG,,,JALAN,KG MESILOU,KUNDASANG,,89300.0,SABAH,MALAYSIA,6.013339084,116.5979353,5286691,In Service,,,,SIte List (2).csv
KDS_C003M_DP0003,DP,DP,KDS,KUNDASANG,1,,JALAN,DESA CATTLE,KAMPUNG MESILOU,SAMA BOX DP0011,89300.0,SABAH,MALAYSIA,6.0154849,116.5921047,5750386,In Service,,,,SIte List (2).csv
KDS_C003M_DP0004,DP,DP,KDS,KUNDASANG,,,JALAN,CINTA MATA MESILOU,KUNDASANG,,89300.0,SABAH,MALAYSIA,6.007404804,116.5933553,5714453,In Service,,,,SIte List (2).csv
KDS_C003M_DP0005,DP,DP,KDS,KUNDASANG,2,,JALAN,GOLF COURSE MESILOU,KAMPUNG MESILOU,,89300.0,SABAH,MALAYSIA,6.012285138,116.5970407,5750392,In Service,,,,SIte List (2).csv
KDS_C003M_DP0006,DP,DP,KDS,KUNDASANG,3,,JALAN,DEKAT ROCKY MOUNTAIN LODGE,KAMPUNG MESILOU,,89300.0,SABAH,MALAYSIA,6.018154723,116.5982479,5750400,In Service,,,,SIte List (2).csv
KDS_C003M_DP0007,DP,DP,KDS,KUNDASANG,4,,JALAN,DEKAT MAY HOMESTAY,KAMPUNG MESILOU,,89300.0,SABAH,MALAYSIA,6.013787146,116.5966103,5750423,In Service,,,,SIte List (2).csv
KDS_C003M_DP0008,DP,DP,KDS,KUNDASANG,10,,JALAN,MESILOU TUDAN,KAMPUNG MESILOU,,89300.0,SABAH,MALAYSIA,6.015344392,116.5940581,6404418,In Service,,,,SIte List (2).csv
KDS_C003M_DP0009,DP,DP,KDS,KUNDASANG,11,,JALAN,MESILOU TUDAN,KAMPUNG MESILOU,,89300.0,SABAH,MALAYSIA,6.013713799,116.5946493,6404419,In Service,,,,SIte List (2).csv
KDS_C003M_DP0010,DP,DP,KDS,KUNDASANG,,,JALAN,GOLF COURSE MESILAU,KAMPUNG MESILOU,HADAPAN ARAMAI HOMESTAY,89300.0,SABAH,MALAYSIA,6.014488518,116.5967803,6838501,In Service,,,,SIte List (2).csv
KDS_C003M_DP0011,DP,DP,KDS,KUNDASANG,1,,JALAN,DESA CATTLE,DESA CATTLE,SAMA BOX DP0003,89300.0,SABAH,MALAYSIA,6.01543551,116.5921097,7613373,In Service,,,,SIte List (2).csv
KDS_C003M_DP0012,DP,DP,KDS,KUNDASANG,,,JALAN,CINTA MATA MESILOU,KAMPUNG MESILOU,,89307.0,SABAH,MALAYSIA,6.01192455,116.5969158,7845851,In Service,,,,SIte List (2).csv
KDS_C003M_DP003A,FTB,DP,KDS,KUNDASANG,1,,JALAN,DESA CATTLE,KUARTERS PEKERJA DESA CATTLE,SAMA BOX DP011A,89300.0,SABAH,MALAYSIA,6.019371191,116.5920277,6424596,In Service,,,,SIte List (2).csv
KDS_C003M_DP004A,FTB,DP,KDS,KUNDASANG,HADAPAN HILL VILLA KUNDASANG,,JALAN,DESA CATTLE,KUNDASANG,,89300.0,SABAH,MALAYSIA,6.00981513,116.5937504,5714457,In Service,,,,SIte List (2).csv
KDS_C003M_DP004B,FTB,DP,KDS,KUNDASANG,BILIK SDF DREAM WORLD,G,JALAN,DREAM WORLD,KUNDASANG,DREAM WORLD RESORT,89300.0,SABAH,MALAYSIA,6.006578422,116.5952561,5714460,In Service,,,,SIte List (2).csv
KDS_C003M_DP004C,FTB,DP,KDS,KUNDASANG,BILIK SDF DREAM WORLD 2,G,JALAN,DREAM WORLD,KUNDASANG,BALLROOM DREAM WORLD RESORT,89300.0,SABAH,MALAYSIA,6.007604576,116.5962381,5747185,In Service,,,,SIte List (2).csv
KDS_C003M_DP006A,FTB,DP,KDS,KUNDASANG,,,JALAN,GOLF COURSE MESILOU,KIRAM VILLAGE,,89300.0,SABAH,MALAYSIA,6.019995577,116.6003693,5750433,In Service,,,,SIte List (2).csv
KDS_C003M_DP006B,FTB,DP,KDS,KUNDASANG,BY NMO,,JALAN,GOLF COURSE MESILAU,KAMPUNG MESILOU,,89308.0,SABAH,MALAYSIA,6.019846199,116.598298,9391426,In Service,,,,SIte List (2).csv
KDS_C003M_DP007A,FTB,DP,KDS,KUNDASANG,,,JALAN,GOLF COURSE MESILOU,DEKAT RUMAH COKLAT,,89300.0,SABAH,MALAYSIA,6.015241841,116.5974923,5750438,In Service,,,,SIte List (2).csv
KDS_C003M_DP007B,FTB,DP,KDS,KUNDASANG,,,JALAN,GOLF COURSE MESILOU,DEKAT PUTIH WORKSHOP,,89300.0,SABAH,MALAYSIA,6.016695807,116.5985081,5750441,In Service,,,,SIte List (2).csv
KDS_C003M_DP008A,FTB,DP,KDS,KUNDASANG,12,,JALAN,TUDAN MESILOU,KAMPUNG TUDAN MESILOU,,89300.0,SABAH,MALAYSIA,6.017372588,116.5931198,6404422,In Service,,,,SIte List (2).csv
KDS_C003M_DP008B,FTB,DP,KDS,KUNDASANG,13,,JALAN,TUDAN MESILOU,D'LA SRI COTTAGE,,89300.0,SABAH,MALAYSIA,6.022213158,116.5919951,6404424,In Service,,,,SIte List (2).csv
KDS_C003M_DP009B,FTB,DP,KDS,KUNDASANG,,,JALAN,CINTA MATA MESILOU,KAMPUNG MESILOU,,89307.0,SABAH,MALAYSIA,6.013348761,116.5948292,10499642,In Service,,,,SIte List (2).csv
KDS_C003M_DP010A,FTB,DP,KDS,KUNDASANG,,,JALAN,GOLF COURSE MESILOU,KAMPUNG MESILOU,BERHADAPAN STRAWBERRY FARM,89300.0,SABAH,MALAYSIA,6.017537316,116.5990664,6838553,In Service,,,,SIte List (2).csv
KDS_C003M_DP011A,FTB,DP,KDS,KUNDASANG,1,,JALAN,DESA CATTLE,KUARTERS PEKERJA DESA CATTLE,SAMA BOX DP003A,89300.0,SABAH,MALAYSIA,,,7613403,In Service,,,,SIte List (2).csv
KDS_C003M_DP012A,FTB,DP,KDS,KUNDASANG,,,JALAN,CINTA MATA MESILOU,KAMPUNG MESILOU,,89307.0,SABAH,MALAYSIA,,,7947928,In Service,,,,SIte List (2).csv
KDS_C004M,FDC,MINI FDC,KDS,KUNDASANG,,,JALAN,KG DUMPIRING,KUNDASANG,,89300.0,SABAH,MALAYSIA,5.978937105,116.5723321,5277017,In Service,,,,SIte List (3).csv
KDS_C004M_DP0001,DP,DP,KDS,KUNDASANG,,,JALAN,KG DUMPIRING,KUNDASANG,,89300.0,SABAH,MALAYSIA,5.977755402,116.5717042,5277142,In Service,,,,SIte List (3).csv
KDS_C004M_DP0002,DP,DP,KDS,KUNDASANG,,,JALAN,MOHIBOYON KIBBAS,KAMPUNG DUMPIRING,,89308.0,SABAH,MALAYSIA,5.970011561,116.5738573,7776109,In Service,,,,SIte List (3).csv
KDS_C004M_DP0003,DP,DP,KDS,KUNDASANG,,,JALAN,MOHIBOYON KIBBAS,KAMPUNG DUMPIRING,,89308.0,SABAH,MALAYSIA,5.973339884,116.5747692,7776110,In Service,,,,SIte List (3).csv
KDS_C004M_DP0004,DP,DP,KDS,KUNDASANG,,,JALAN,MOHIBOYON KIBBAS,KAMPUNG DUMPIRING,,89308.0,SABAH,MALAYSIA,5.976500521,116.5722836,7776111,In Service,,,,SIte List (3).csv
KDS_C004M_DP0005,DP,DP,KDS,KUNDASANG,,,JALAN,MOHIBOYON KIBBAS,KAMPUNG DUMPIRING,,89308.0,SABAH,MALAYSIA,5.980260035,116.5736914,7851257,In Service,,,,SIte List (3).csv
KDS_C004M_DP0006,DP,DP,KDS,KUNDASANG,,,JALAN,MOHIBOYON KIBBAS,KAMPUNG DUMPIRING,,89308.0,SABAH,MALAYSIA,5.981086684,116.572935,7851258,In Service,,,,SIte List (3).csv
KDS_C004M_DP0007,DP,DP,KDS,KUNDASANG,,,JALAN,MOHIBOYON KIBBAS,KAMPUNG DUMPIRING,,89308.0,SABAH,MALAYSIA,5.979629349,116.5725312,7851259,In Service,,,,SIte List (3).csv
KDS_C004M_DP0008,DP,DP,KDS,KUNDASANG,,,JALAN,MOHIBOYON KIBBAS,KAMPUNG DUMPIRING,,89308.0,SABAH,MALAYSIA,5.979299373,116.5738326,8666191,In Service,,,,SIte List (3).csv
KDS_C004M_DP0009,DP,DP,KDS,KUNDASANG,,,JALAN,MOHIBOYON KIBBAS,KAMPUNG DUMPIRING,,89308.0,SABAH,MALAYSIA,5.973594863,116.5733119,9039241,In Service,,,,SIte List (3).csv
KDS_C004M_DP001A,FTB,DP,KDS,KUNDASANG,,,JALAN,KG DUMPIRING,KUNDASANG,,89300.0,SABAH,MALAYSIA,5.975458199,116.5733933,5277144,In Service,,,,SIte List (3).csv
KDS_C004M_DP001B,FTB,DP,KDS,KUNDASANG,,,JALAN,KG DUMPIRING,KUNDASANG,,89300.0,SABAH,MALAYSIA,5.974277774,116.5735099,5281360,In Service,,,,SIte List (3).csv
KDS_C004M_DP002A,FTB,DP,KDS,KUNDASANG,,,JALAN,MOHIBOYON KIBBAS,KAMPUNG DUMPIRING,,89308.0,SABAH,MALAYSIA,,,7776112,In Service,,,,SIte List (3).csv
KDS_C004M_DP004A,FTB,DP,KDS,KUNDASANG,,,JALAN,MOHIBOYON KIBBAS,KAMPUNG DUMPIRING,,89308.0,SABAH,MALAYSIA,,,7851260,Planned,,,,SIte List (3).csv
KDS_C004M_DP007A,FTB,DP,KDS,KUNDASANG,,,JALAN,MOHIBOYON KIBBAS,KAMPUNG DUMPIRING,,89308.0,SABAH,MALAYSIA,,,7851261,In Service,,,,SIte List (3).csv
KDS_C004M_DP008A,FTB,DP,KDS,KUNDASANG,,,JALAN,MOHIBOYON KIBBAS,KAMPUNG DUMPIRING,,89308.0,SABAH,MALAYSIA,5.97816988,116.5735564,8666190,Planned,,,,SIte List (3).csv
KDS_C005M,FDC,FDC,KDS,KUNDASANG,,,JALAN,TENOMPOK BUNDU TUHAN,BUNDU TUHAN,SIMPANG SMK BUNDU TUHAN,89300.0,SABAH,MALAYSIA,5.983060682,116.5326978,5883148,In Service,,,,SIte List (4).csv
KDS_C005M_DP0001,DP,DP,KDS,KUNDASANG,1.0,,JALAN,TENOMPOK BUNDU TUHAN,BUNDU TUHAN,,89300.0,SABAH,MALAYSIA,5.977059685,116.5290632,5883196,In Service,,,,SIte List (4).csv
KDS_C005M_DP0002,DP,DP,KDS,KUNDASANG,5.0,,JALAN,TENOMPOK BUNDU TUHAN,BUNDU TUHAN,,89300.0,SABAH,MALAYSIA,5.979916195,116.5294222,5883207,In Service,,,,SIte List (4).csv
KDS_C005M_DP0003,DP,DP,KDS,KUNDASANG,9.0,,JALAN,TENOMPOK BUNDU TUHAN,BUNDU TUHAN,,89300.0,SABAH,MALAYSIA,5.9814026,116.5330162,5883209,In Service,,,,SIte List (4).csv
KDS_C005M_DP0004,DP,DP,KDS,KUNDASANG,15.0,,JALAN,TENOMPOK BUNDU TUHAN,BUNDU TUHAN,,89300.0,SABAH,MALAYSIA,5.983870496,116.5305893,5883211,In Service,,,,SIte List (4).csv
KDS_C005M_DP0005,DP,DP,KDS,KUNDASANG,,,JALAN,TENOMPOK BUNDU TUHAN,BUNDU TUHAN,,89300.0,SABAH,MALAYSIA,5.974479353,116.5291059,7308660,In Service,,,,SIte List (4).csv
KDS_C005M_DP0006,DP,DP,KDS,KUNDASANG,,,JALAN,TENOMPOK BUNDU TUHAN,BUNDU TUHAN,,89300.0,SABAH,MALAYSIA,5.991837226,116.5305888,7308699,In Service,,,,SIte List (4).csv
KDS_C005M_DP0007,DP,DP,KDS,KUNDASANG,,,JALAN,TENOMPOK BUNDU TUHAN,BUNDU TUHAN,,89300.0,SABAH,MALAYSIA,5.991192388,116.5304574,7308713,In Service,,,,SIte List (4).csv
KDS_C005M_DP0008,DP,DP,KDS,KUNDASANG,,,JALAN,TENOMPOK BUNDU TUHAN,BUNDU TUHAN,,89300.0,SABAH,MALAYSIA,5.990418231,116.5305475,7308719,In Service,,,,SIte List (4).csv
KDS_C005M_DP0009,DP,DP,KDS,KUNDASANG,,,JALAN,TENOMPOK BUNDU TUHAN,BUNDU TUHAN,,89300.0,SABAH,MALAYSIA,5.988893499,116.5322008,7308726,In Service,,,,SIte List (4).csv
KDS_C005M_DP0010,DP,DP,KDS,KUNDASANG,,,JALAN,TENOMPOK BUNDU TUHAN,BUNDU TUHAN,,89300.0,SABAH,MALAYSIA,5.987885558,116.532606,7308737,In Service,,,,SIte List (4).csv
KDS_C005M_DP0011,DP,DP,KDS,KUNDASANG,,,JALAN,TENOMPOK BUNDU TUHAN,BUNDU TUHAN,,89300.0,SABAH,MALAYSIA,5.986765144,116.5327932,7308744,In Service,,,,SIte List (4).csv
KDS_C005M_DP0012,DP,DP,KDS,KUNDASANG,,,JALAN,TENOMPOK BUNDU TUHAN,BUNDU TUHAN,,89300.0,SABAH,MALAYSIA,5.98550273,116.532859,7308748,In Service,,,,SIte List (4).csv
KDS_C005M_DP0013,DP,DP,KDS,KUNDASANG,,,JALAN,SOKID,BUNDU TUHAN,,89300.0,SABAH,MALAYSIA,5.98549867,116.5318061,7308764,In Service,,,,SIte List (4).csv
KDS_C005M_DP0014,DP,DP,KDS,KUNDASANG,,,JALAN,TENOMPOK BUNDU TUHAN,BUNDU TUHAN,KLINIK KESIHATAN BUNDU TUHAN,89300.0,SABAH,MALAYSIA,5.98245102,116.5311402,7308793,In Service,,,,SIte List (4).csv
KDS_C005M_DP0015,DP,DP,KDS,KUNDASANG,,,JALAN,TENOMPOK BUNDU TUHAN,KAMPUNG BUNDU TUHAN,,89300.0,SABAH,MALAYSIA,5.993706828,116.5286865,9015347,In Service,,,,SIte List (4).csv
KDS_C005M_DP001A,FTB,DP,KDS,KUNDASANG,,,JALAN,TENOMPOK BUNDU TUHAN,BUNDU TUHAN,,89300.0,SABAH,MALAYSIA,5.97557852,116.5295606,7310668,In Service,,,,SIte List (4).csv
KDS_C005M_DP002A,FTB,DP,KDS,KUNDASANG,7.0,,JALAN,TENOMPOK BUNDU TUHAN,BUNDU TUHAN,,89300.0,SABAH,MALAYSIA,5.979448484,116.5284557,5883224,In Service,,,,SIte List (4).csv
KDS_C005M_DP004A,FTB,DP,KDS,KUNDASANG,17.0,,JALAN,TENOMPOK BUNDU TUHAN,BUNDU TUHAN,,89300.0,SABAH,MALAYSIA,5.984244792,116.5282446,5883225,In Service,,,,SIte List (4).csv
KDS_C005M_DP005A,FTB,DP,KDS,KUNDASANG,,,JALAN,TENOMPOK BUNDU TUHAN,BUNDU TUHAN,,89300.0,SABAH,MALAYSIA,5.971829846,116.529381,7308802,In Service,,,,SIte List (4).csv
KDS_C005M_DP011A,FTB,DP,KDS,KUNDASANG,,,JALAN,TENOMPOK BUNDU TUHAN,KG SIBA BUNDU TUHAN,,89300.0,SABAH,MALAYSIA,5.989577542,116.5342942,8467110,In Service,,,,SIte List (4).csv
KDS_C005M_DP013A,FTB,DP,KDS,KUNDASANG,,,JALAN,SOKID,BUNDU TUHAN,,89300.0,SABAH,MALAYSIA,5.985876043,116.5309167,7308808,In Service,,,,SIte List (4).csv
KDS_C005M_DP013B,FTB,DP,KDS,KUNDASANG,,,JALAN,SOKID,BUNDU TUHAN,,89300.0,SABAH,MALAYSIA,5.985732429,116.5299632,7308813,In Service,,,,SIte List (4).csv
KDS_C006M,FDC,FDC,KDS,KUNDASANG,,,JALAN,TAMPARULI-RANAU,KAMPUNG BALABAKAN,,89300.0,SABAH,MALAYSIA,6.027348019,116.4624947,7706839,In Service,,,,SIte List (5).csv
KDS_C006M_DP0001,DP,DP,KDS,KUNDASANG,,,JALAN,TAMPARULI-RANAU,KAMPUNG BALABAKAN,,89300.0,SABAH,MALAYSIA,6.02872404,116.4585188,7706859,In Service,,,,SIte List (5).csv
KDS_C006M_DP0002,DP,DP,KDS,KUNDASANG,,,JALAN,TAMPARULI-RANAU,KAMPUNG BALABAKAN,,89300.0,SABAH,MALAYSIA,6.027547305,116.4624416,7706861,In Service,,,,SIte List (5).csv
KDS_C006M_DP0003,DP,DP,KDS,KUNDASANG,,,JALAN,TAMPARULI-RANAU,KAMPUNG BALABAKAN,,89300.0,SABAH,MALAYSIA,6.027116266,116.4602166,7706865,In Service,,,,SIte List (5).csv
KDS_C006M_DP0004,DP,DP,KDS,KUNDASANG,,,JALAN,TAMPARULI-RANAU,KAMPUNG BALABAKAN,,89300.0,SABAH,MALAYSIA,6.027303582,116.463536,7706870,In Service,,,,SIte List (5).csv
KDS_C006M_DP0005,DP,DP,KDS,KUNDASANG,,,JALAN,TAMPARULI-RANAU,KAMPUNG BALABAKAN,,89300.0,SABAH,MALAYSIA,6.025736668,116.4639381,7706873,In Service,,,,SIte List (5).csv
KDS_C006M_DP001A,FTB,DP,KDS,KUNDASANG,,,JALAN,TAMPARULI-RANAU,KAMPUNG BALABAKAN,,89300.0,SABAH,MALAYSIA,,,7706883,In Service,,,,SIte List (5).csv
KDS_C006M_DP002A,FTB,DP,KDS,KUNDASANG,,,JALAN,TAMPARULI-RANAU,KAMPUNG BALABAKAN,,89300.0,SABAH,MALAYSIA,,,7706886,In Service,,,,SIte List (5).csv
KDS_C006M_DP002B,FTB,DP,KDS,KUNDASANG,,,JALAN,TAMPARULI-RANAU,KAMPUNG BALABAKAN,,89300.0,SABAH,MALAYSIA,,,7706891,In Service,,,,SIte List (5).csv
KDS_C006M_DP005A,FTB,DP,KDS,KUNDASANG,,,JALAN,TAMPARULI-RANAU,KAMPUNG BALABAKAN,,89300.0,SABAH,MALAYSIA,,,7706894,In Service,,,,SIte List (5).csv
KDS_C007M,FDC,DP,KDS,KUNDASANG,,,JALAN,GOLF COURSE MESILAU,KAMPUNG MESILOU,,89308.0,SABAH,MALAYSIA,6.031209174,116.5975969,7619132,In Service,,,,SIte List (6).csv
KDS_C007M_DP0001,DP,DP,KDS,KUNDASANG,,,JALAN,GOLF COURSE MESILAU,KAMPUNG MESILOU,,89308.0,SABAH,MALAYSIA,6.031169396,116.6017119,7618973,In Service,,,,SIte List (6).csv
KDS_C007M_DP0002,DP,DP,KDS,KUNDASANG,,,JALAN,GOLF COURSE MESILAU,KAMPUNG MESILOU,,89308.0,SABAH,MALAYSIA,6.030552068,116.5986809,7619133,In Service,,,,SIte List (6).csv
KDS_C007M_DP0003,DP,DP,KDS,KUNDASANG,,,JALAN,GOLF COURSE MESILAU,KAMPUNG MESILOU,,89308.0,SABAH,MALAYSIA,6.023038997,116.5957083,8956343,In Service,,,,SIte List (6).csv
KDS_C007M_DP0004,DP,DP,KDS,KUNDASANG,,,JALAN,GOLF COURSE MESILAU,KAMPUNG MESILOU,,89308.0,SABAH,MALAYSIA,6.016014624,116.5980874,8967028,In Service,,,,SIte List (6).csv
KDS_C007M_DP0005,DP,DP,KDS,KUNDASANG,,,JALAN,GOLF COURSE MESILAU,KAMPUNG MESILOU,,89308.0,SABAH,MALAYSIA,6.030037546,116.6049006,10326607,In Service,,,,SIte List (6).csv
KDS_C007M_DP0006,DP,DP,KDS,KUNDASANG,,,JALAN,MESILAU,KAMPUNG MESILOU,,88200.0,SABAH,MALAYSIA,6.025706934,116.6020566,10789813,In Service,,,,SIte List (6).csv
KDS_C007M_DP0007,DP,DP,KDS,KUNDASANG,,,JALAN,MESILAU,KAMPUNG MESILOU,,88200.0,SABAH,MALAYSIA,6.027678141,116.6021953,10789814,In Service,,,,SIte List (6).csv
KDS_C007M_DP001A,FTB,DP,KDS,KUNDASANG,,,JALAN,GOLF COURSE MESILAU,KAMPUNG MESILOU,,89308.0,SABAH,MALAYSIA,6.023846,116.603047,7618974,In Service,,,,SIte List (6).csv
KDS_C007M_DP001B,FTB,DP,KDS,KUNDASANG,,,JALAN,GOLF COURSE MESILAU,KAMPUNG MESILOU,,89308.0,SABAH,MALAYSIA,6.022998,116.605418,7619135,In Service,,,,SIte List (6).csv
KDS_C007M_DP001C,FTB,DP,KDS,KUNDASANG,,,JALAN,GOLF COURSE MESILAU,KAMPUNG MESILOU,,89308.0,SABAH,MALAYSIA,6.011009,116.603221,9598799,In Service,,,,SIte List (6).csv
KDS_C007M_DP002A,FTB,DP,KDS,KUNDASANG,,,JALAN,GOLF COURSE MESILAU,KAMPUNG MESILOU,,89308.0,SABAH,MALAYSIA,6.031877,116.599745,7619136,In Service,,,,SIte List (6).csv
KDS_C007M_DP003A,FTB,DP,KDS,KUNDASANG,,,JALAN,GOLF COURSE MESILAU,KAMPUNG MESILOU,,89308.0,SABAH,MALAYSIA,6.020144483,116.5969253,8956344,Planned,,,,SIte List (6).csv
KDS_C007M_DP005A,FTB,DP,KDS,KUNDASANG,,,JALAN,GOLF COURSE MESILAU,KAMPUNG MESILOU,,89308.0,SABAH,MALAYSIA,6.032560767,116.6046848,10326608,In Service,,,,SIte List (6).csv
KDS_C008M,FDC,MINI FDC,KDS,KUNDASANG,,,JALAN,TAMPARULI - RANAU,KUNDASANG,1,89300.0,SABAH,MALAYSIA,6.019215999,116.4918861,7594230,In Service,,,,SIte List (7).csv
KDS_C008M_DP0001,DP,DP,KDS,KUNDASANG,,,JALAN,TAMPARULI - RANAU,KAMPUNG TOMIS JAYA,,89300.0,SABAH,MALAYSIA,6.014793439,116.4754192,7594254,In Service,,,,SIte List (7).csv
KDS_C008M_DP0002,DP,DP,KDS,KUNDASANG,,,JALAN,TAMPARULI - RANAU,KAMPUNG TOMIS JAYA,,89300.0,SABAH,MALAYSIA,6.01437868,116.4847906,7594368,In Service,,,,SIte List (7).csv
KDS_C008M_DP0003,DP,DP,KDS,KUNDASANG,,,JALAN,TAMPARULI - RANAU,KAMPUNG TOMIS JAYA,,89300.0,SABAH,MALAYSIA,6.019576334,116.4925009,7594370,In Service,,,,SIte List (7).csv
KDS_C008M_DP0004,DP,DP,KDS,KUNDASANG,,,JALAN,TAMPARULI - RANAU,KAMPUNG KIAU TOBURI,,89300.0,SABAH,MALAYSIA,6.033384451,116.4853314,7594445,In Service,,,,SIte List (7).csv
KDS_C008M_DP0005,DP,DP,KDS,KUNDASANG,,,JALAN,TAMPARULI - RANAU,KAMPUNG KIAU TOBURI,,89300.0,SABAH,MALAYSIA,6.033591459,116.4842923,7594446,In Service,,,,SIte List (7).csv
KDS_C008M_DP0006,DP,DP,KDS,KUNDASANG,,,JALAN,TAMPARULI - RANAU,KAMPUNG KIAU TOBURI,,89300.0,SABAH,MALAYSIA,6.033246174,116.4841022,7594448,In Service,,,,SIte List (7).csv
KDS_C008M_DP0007,DP,DP,KDS,KUNDASANG,,,JALAN,TAMPARULI - RANAU,KAMPUNG KIAU TOBURI,,89300.0,SABAH,MALAYSIA,6.032883839,116.48584,7594454,In Service,,,,SIte List (7).csv
KDS_C008M_DP0008,DP,DP,KDS,KUNDASANG,,,JALAN,TAMPARULI - RANAU,KAMPUNG KIAU TOBURI,,89300.0,SABAH,MALAYSIA,6.030526821,116.4857862,7594455,In Service,,,,SIte List (7).csv
KDS_C008M_DP0009,DP,DP,KDS,KUNDASANG,,,JALAN,TAMPARULI - RANAU,KAMPUNG KIAU TOBURI,,89300.0,SABAH,MALAYSIA,6.031147738,116.4856967,7594457,In Service,,,,SIte List (7).csv
KDS_C008M_DP0010,DP,DP,KDS,KUNDASANG,,,JALAN,TAMPARULI - RANAU,KAMPUNG KIAU TOBURI,,89300.0,SABAH,MALAYSIA,6.031838509,116.4862263,7594459,In Service,,,,SIte List (7).csv
KDS_C008M_DP0011,DP,DP,KDS,KUNDASANG,,,JALAN,TAMPARULI - RANAU,KAMPUNG KIAU TOBURI,,89300.0,SABAH,MALAYSIA,6.030999038,116.4869197,7594461,In Service,,,,SIte List (7).csv
KDS_C008M_DP0012,DP,DP,KDS,KUNDASANG,,,JALAN,TAMPARULI - RANAU,KAMPUNG KIAU TOBURI,,89300.0,SABAH,MALAYSIA,6.025435128,116.4891051,7594462,In Service,,,,SIte List (7).csv
KDS_C008M_DP001A,FTB,DP,KDS,KUNDASANG,,,JALAN,TAMPARULI - RANAU,KAMPUNG TOMIS JAYA,,89300.0,SABAH,MALAYSIA,,,7594319,In Service,,,,SIte List (7).csv
KDS_C008M_DP001B,FTB,DP,KDS,KUNDASANG,,,JALAN,TAMPARULI - RANAU,KAMPUNG TOMIS JAYA,,89300.0,SABAH,MALAYSIA,,,7594377,In Service,,,,SIte List (7).csv
KDS_C008M_DP002A,FTB,DP,KDS,KUNDASANG,,,JALAN,TAMPARULI - RANAU,KAMPUNG TOMIS JAYA,,89300.0,SABAH,MALAYSIA,,,7594384,In Service,,,,SIte List (7).csv
KDS_C008M_DP003A,FTB,DP,KDS,KUNDASANG,,,JALAN,TAMPARULI - RANAU,KAMPUNG TOMIS JAYA,,89300.0,SABAH,MALAYSIA,,,7594385,In Service,,,,SIte List (7).csv
KDS_C008M_DP003B,FTB,DP,KDS,KUNDASANG,,,JALAN,TAMPARULI - RANAU,KAMPUNG TOMIS JAYA,,89300.0,SABAH,MALAYSIA,,,7594421,In Service,,,,SIte List (7).csv
KDS_C008M_DP008A,FTB,DP,KDS,KUNDASANG,KLINIK KESIHATAN KAMPUNG KIAU,-,JALAN,KIAU TOBURI,KAMPUNG KIAU TOBURI,KLINIK KESIHATAN KAMPUNG KIAU,89150.0,SABAH,MALAYSIA,6.029592,116.486431,9781141,In Service,,,,SIte List (7).csv
KDS_C008M_DP012A,FTB,DP,KDS,KUNDASANG,,,JALAN,TAMPARULI - RANAU,KAMPUNG KIAU TOBURI,,89300.0,SABAH,MALAYSIA,,,7595216,In Service,,,,SIte List (7).csv
KDS_C009M,FDC,DP,KDS,KUNDASANG,,,JALAN,TENOMPOK BUNDU TUHAN,KG SIBA BUNDU TUHAN,,89300.0,SABAH,MALAYSIA,5.987585162,116.5330529,8605681,In Service,,,,SIte List (8).csv
KDS_C009M_DP0001,DP,DP,KDS,KUNDASANG,,,JALAN,TENOMPOK BUNDU TUHAN,KG SIBA BUNDU TUHAN,,89300.0,SABAH,MALAYSIA,5.98438088,116.5301954,8605683,In Service,,,,SIte List (8).csv
KDS_C009M_DP0002,DP,DP,KDS,KUNDASANG,,,JALAN,TENOMPOK BUNDU TUHAN,KG SIBA BUNDU TUHAN,,89300.0,SABAH,MALAYSIA,5.985477411,116.5286699,8605684,In Service,,,,SIte List (8).csv
KDS_C009M_DP0003,DP,DP,KDS,KUNDASANG,,,JALAN,TENOMPOK BUNDU TUHAN,KG SIBA BUNDU TUHAN,,89300.0,SABAH,MALAYSIA,5.98519088,116.529661,8605685,In Service,,,,SIte List (8).csv
KDS_C009M_DP001A,FTB,DP,KDS,KUNDASANG,BY NMO,,JALAN,TAMPARULI-RANAU,KAMPUNG SINISIAN,,89307.0,SABAH,MALAYSIA,5.984279313,116.5285874,9200933,In Service,,,,SIte List (8).csv
KDS_C009M_DP002A,FTB,DP,KDS,KUNDASANG,,,JALAN,TENOMPOK BUNDU TUHAN,KG SIBA BUNDU TUHAN,,89300.0,SABAH,MALAYSIA,5.985948268,116.5288424,8605687,In Service,,,,SIte List (8).csv
KDS_C009M_DP002B,FTB,DP,KDS,KUNDASANG,,,JALAN,TENOMPOK BUNDU TUHAN,KG SIBA BUNDU TUHAN,,89300.0,SABAH,MALAYSIA,5.985407656,116.527927,8605688,In Service,,,,SIte List (8).csv
KDS_C010M,FDC,DP,KDS,KUNDASANG,,,JALAN,TAMPARULI-RANAU,',,89308.0,SABAH,MALAYSIA,5.937853229,116.4349676,8769634,In Service,,,,SIte List (9).csv
KDS_C010M_DP0001,DP,DP,KDS,KUNDASANG,,,JALAN,TAMPARULI-RANAU,,,89308.0,SABAH,MALAYSIA,5.944679771,116.4470942,8768621,In Service,,,,SIte List (9).csv
KDS_C010M_DP0002,DP,DP,KDS,KUNDASANG,,,JALAN,TAMPARULI-RANAU,,,89308.0,SABAH,MALAYSIA,5.945675578,116.446892,8769636,In Service,,,,SIte List (9).csv
KDS_C010M_DP0003,DP,DP,KDS,KUNDASANG,,,JALAN,TAMPARULI-RANAU,,,89308.0,SABAH,MALAYSIA,5.94543118,116.4475386,8769637,In Service,,,,SIte List (9).csv
KDS_C010M_DP0004,DP,DP,KDS,KUNDASANG,,,JALAN,TAMPARULI-RANAU,,,89308.0,SABAH,MALAYSIA,5.939993373,116.443892,8769638,In Service,,,,SIte List (9).csv
KDS_C010M_DP0005,DP,DP,KDS,KUNDASANG,,,JALAN,TAMPARULI-RANAU,,,89308.0,SABAH,MALAYSIA,5.941070193,116.4427736,8769639,In Service,,,,SIte List (9).csv
KDS_C010M_DP0006,DP,DP,KDS,KUNDASANG,,,JALAN,TAMPARULI-RANAU,,,89308.0,SABAH,MALAYSIA,5.940549205,116.4433754,8769641,In Service,,,,SIte List (9).csv
KDS_C010M_DP0007,DP,DP,KDS,KUNDASANG,,,JALAN,TAMPARULI-RANAU,,,89308.0,SABAH,MALAYSIA,5.933446385,116.43441,8769643,In Service,,,,SIte List (9).csv
KDS_C010M_DP0008,DP,DP,KDS,KUNDASANG,,,JALAN,TAMPARULI-RANAU,,,89308.0,SABAH,MALAYSIA,5.934044168,116.434242,8769644,In Service,,,,SIte List (9).csv
KDS_C010M_DP0009,DP,DP,KDS,KUNDASANG,,,JALAN,TAMPARULI-RANAU,,,89308.0,SABAH,MALAYSIA,5.934772976,116.4342204,8769645,In Service,,,,SIte List (9).csv
KDS_C010M_DP0010,DP,DP,KDS,KUNDASANG,,,JALAN,TAMPARULI-RANAU,,,89308.0,SABAH,MALAYSIA,5.933776193,116.4350448,8769646,In Service,,,,SIte List (9).csv
KDS_C010M_DP0011,DP,DP,KDS,KUNDASANG,,,JALAN,TAMPARULI-RANAU,,,89308.0,SABAH,MALAYSIA,5.934708168,116.435112,8768622,In Service,,,,SIte List (9).csv
KDS_C010M_DP0012,DP,DP,KDS,KUNDASANG,,,JALAN,TAMPARULI-RANAU,,,89308.0,SABAH,MALAYSIA,5.935335554,116.4354484,8768623,In Service,,,,SIte List (9).csv
KDS_C010M_DP0013,DP,DP,KDS,KUNDASANG,,,JALAN,TAMPARULI-RANAU,,,89308.0,SABAH,MALAYSIA,5.936857205,116.4349734,8769648,In Service,,,,SIte List (9).csv
KDS_C010M_DP006A,FTB,DP,KDS,KUNDASANG,,,JALAN,TAMPARULI-RANAU,',,89308.0,SABAH,MALAYSIA,5.941109193,116.4431088,8769649,In Service,,,,SIte List (9).csv
KDS_C011M,FDC,DP,KDS,KUNDASANG,,,JALAN,TAMPARULI-RANAU,',,89308.0,SABAH,MALAYSIA,5.988557984,116.412102,8771411,In Service,,,,SIte List (10).csv
KDS_C011M_DP0001,DP,DP,KDS,KUNDASANG,,,JALAN,TAMPARULI-RANAU,,,89308.0,SABAH,MALAYSIA,5.998715536,116.39322,8770973,In Service,,,,SIte List (10).csv
KDS_C011M_DP0002,DP,DP,KDS,KUNDASANG,,,JALAN,TAMPARULI-RANAU,,,89308.0,SABAH,MALAYSIA,5.999617924,116.3924696,8771412,In Service,,,,SIte List (10).csv
KDS_C011M_DP0003,DP,DP,KDS,KUNDASANG,,,JALAN,TAMPARULI-RANAU,,,89308.0,SABAH,MALAYSIA,5.995653924,116.3925988,8771413,In Service,,,,SIte List (10).csv
KDS_C011M_DP0004,DP,DP,KDS,KUNDASANG,,,JALAN,TAMPARULI-RANAU,,,89308.0,SABAH,MALAYSIA,5.993804312,116.3923444,8770974,In Service,,,,SIte List (10).csv
KDS_C011M_DP0005,DP,DP,KDS,KUNDASANG,,,JALAN,TAMPARULI-RANAU,,,89308.0,SABAH,MALAYSIA,5.989480148,116.4109636,8770975,In Service,,,,SIte List (10).csv
KDS_C011M_DP0006,DP,DP,KDS,KUNDASANG,,,JALAN,TAMPARULI-RANAU,,,89308.0,SABAH,MALAYSIA,5.975099925,116.4253476,8770976,In Service,,,,SIte List (10).csv
KDS_C011M_DP0007,DP,DP,KDS,KUNDASANG,,,JALAN,TAMPARULI-RANAU,,,89308.0,SABAH,MALAYSIA,5.970717313,116.4284954,8770977,In Service,,,,SIte List (10).csv
KDS_C011M_DP0008,DP,DP,KDS,KUNDASANG,,,JALAN,TAMPARULI-RANAU,,,89308.0,SABAH,MALAYSIA,5.973305925,116.4263604,8770978,In Service,,,,SIte List (10).csv
KDS_C011M_DP0009,DP,DP,KDS,KUNDASANG,,,JALAN,TAMPARULI-RANAU,,,89308.0,SABAH,MALAYSIA,5.974124313,116.4253786,8770979,In Service,,,,SIte List (10).csv
KDS_C011M_DP0010,DP,DP,KDS,KUNDASANG,,,JALAN,TAMPARULI-RANAU,,,89308.0,SABAH,MALAYSIA,5.982853313,116.4175234,8770980,In Service,,,,SIte List (10).csv
KDS_C011M_DP0011,DP,DP,KDS,KUNDASANG,,,JALAN,TAMPARULI-RANAU,,,89308.0,SABAH,MALAYSIA,5.986986536,116.413979,8771416,In Service,,,,SIte List (10).csv
KDS_C011M_DP0012,DP,DP,KDS,KUNDASANG,,,JALAN,TAMPARULI-RANAU,,,89308.0,SABAH,MALAYSIA,5.987651924,116.41387,8770981,In Service,,,,SIte List (10).csv
KDS_C011M_DP0013,DP,DP,KDS,KUNDASANG,,,JALAN,TAMPARULI-RANAU,,,89308.0,SABAH,MALAYSIA,5.988804924,116.4130362,8771417,In Service,,,,SIte List (10).csv
KDS_C011M_DP003A,FTB,DP,KDS,KUNDASANG,,,JALAN,TAMPARULI-RANAU,',,89308.0,SABAH,MALAYSIA,5.996952924,116.3923856,8771418,In Service,,,,SIte List (10).csv
KDS_C011M_DP004A,FTB,DP,KDS,KUNDASANG,,,JALAN,TAMPARULI-RANAU,',,89308.0,SABAH,MALAYSIA,5.993123594,116.3927488,8771419,In Service,,,,SIte List (10).csv
KDS_C011M_DP004B,FTB,DP,KDS,KUNDASANG,,,JALAN,TAMPARULI-RANAU,',,89308.0,SABAH,MALAYSIA,5.992582312,116.3922412,8770982,In Service,,,,SIte List (10).csv
KDS_C011M_DP005A,FTB,DP,KDS,KUNDASANG,,,JALAN,TAMPARULI-RANAU,',,89308.0,SABAH,MALAYSIA,5.992145536,116.4059118,8771420,In Service,,,,SIte List (10).csv
KDS_C011M_DP005B,FTB,DP,KDS,KUNDASANG,,,JALAN,TAMPARULI-RANAU,',,89308.0,SABAH,MALAYSIA,5.994239312,116.3980642,8771503,In Service,,,,SIte List (10).csv
KDS_C011M_DP006A,FTB,DP,KDS,KUNDASANG,,,JALAN,TAMPARULI-RANAU,',,89308.0,SABAH,MALAYSIA,5.974676701,116.4264882,8771421,In Service,,,,SIte List (10).csv
KDS_C011M_DP006B,FTB,DP,KDS,KUNDASANG,,,JALAN,TAMPARULI-RANAU,',,89308.0,SABAH,MALAYSIA,5.972321313,116.4271308,8771423,In Service,,,,SIte List (10).csv
KDS_C011M_DP009A,FTB,DP,KDS,KUNDASANG,,,JALAN,TAMPARULI-RANAU,',,89308.0,SABAH,MALAYSIA,5.977426925,116.4227246,8771424,In Service,,,,SIte List (10).csv
KDS_C011M_DP011A,FTB,DP,KDS,KUNDASANG,,,JALAN,TAMPARULI-RANAU,',,89308.0,SABAH,MALAYSIA,5.98540773,116.4145032,8771425,In Service,,,,SIte List (10).csv
KDS_C012M,FDC,DP,KDS,KUNDASANG,,,JALAN,TAMPARULI-RANAU,'KAMPUNG SINULIHAN,,89308.0,SABAH,MALAYSIA,5.977159811,116.4542144,8770344,In Service,,,,SIte List (11).csv
KDS_C012M_DP0001,DP,DP,KDS,KUNDASANG,,,JALAN,TAMPARULI-RANAU,'KAMPUNG SINULIHAN,,89308.0,SABAH,MALAYSIA,5.982027663,116.446299,8770345,In Service,,,,SIte List (11).csv
KDS_C012M_DP0002,DP,DP,KDS,KUNDASANG,,,JALAN,TAMPARULI-RANAU,KAMPUNG SINULIHAN,,89308.0,SABAH,MALAYSIA,5.981284529,116.4470004,8770337,In Service,,,,SIte List (11).csv
KDS_C012M_DP0003,DP,DP,KDS,KUNDASANG,,,JALAN,TAMPARULI-RANAU,KAMPUNG SINULIHAN,,89308.0,SABAH,MALAYSIA,5.981733393,116.447622,8770338,In Service,,,,SIte List (11).csv
KDS_C012M_DP0004,DP,DP,KDS,KUNDASANG,,,JALAN,TAMPARULI-RANAU,KAMPUNG SINULIHAN,,89308.0,SABAH,MALAYSIA,5.98373334,116.4485877,8770339,In Service,,,,SIte List (11).csv
KDS_C012M_DP0005,DP,DP,KDS,KUNDASANG,,,JALAN,TAMPARULI-RANAU,KAMPUNG SINULIHAN,,89308.0,SABAH,MALAYSIA,5.982149917,116.4486329,8770340,In Service,,,,SIte List (11).csv
KDS_C012M_DP0006,DP,DP,KDS,KUNDASANG,,,JALAN,TAMPARULI-RANAU,KAMPUNG SINULIHAN,,89308.0,SABAH,MALAYSIA,5.980222027,116.4505945,8770341,In Service,,,,SIte List (11).csv
KDS_C012M_DP0007,DP,DP,KDS,KUNDASANG,,,JALAN,TAMPARULI-RANAU,KAMPUNG SINULIHAN,,89308.0,SABAH,MALAYSIA,5.977711966,116.4532257,8770342,In Service,,,,SIte List (11).csv
KDS_C012M_DP0008,DP,DP,KDS,KUNDASANG,,,JALAN,TAMPARULI-RANAU,KAMPUNG SINULIHAN,,89308.0,SABAH,MALAYSIA,5.979725121,116.455527,8770343,In Service,,,,SIte List (11).csv
KDS_C012M_DP0009,DP,DP,KDS,KUNDASANG,,,JALAN,TAMPARULI-RANAU,KAMPUNG SINULIHAN,,89308.0,SABAH,MALAYSIA,5.978699041,116.4565169,8770346,In Service,,,,SIte List (11).csv
KDS_C012M_DP0010,DP,DP,KDS,KUNDASANG,,,JALAN,TAMPARULI-RANAU,KAMPUNG SINULIHAN,,89308.0,SABAH,MALAYSIA,5.976976426,116.4550917,8770347,In Service,,,,SIte List (11).csv
KDS_C012M_DP0011,DP,DP,KDS,KUNDASANG,,,JALAN,TAMPARULI-RANAU,KAMPUNG SINULIHAN,,89308.0,SABAH,MALAYSIA,5.978341095,116.4537698,8770348,In Service,,,,SIte List (11).csv
KDS_C012M_DP0012,DP,DP,KDS,KUNDASANG,,,JALAN,TAMPARULI-RANAU,KAMPUNG SINULIHAN,,89308.0,SABAH,MALAYSIA,5.978030187,116.4544708,8770349,In Service,,,,SIte List (11).csv
KDS_C012M_DP0013,DP,DP,KDS,KUNDASANG,,,JALAN,TAMPARULI-RANAU,KAMPUNG SINULIHAN,,89308.0,SABAH,MALAYSIA,5.977421851,116.4543076,8770350,In Service,,,,SIte List (11).csv
KDS_C013M,FDC,DP,KDS,KUNDASANG,,,JALAN,TAMPARULI-RANAU,',,89308.0,SABAH,MALAYSIA,5.968243778,116.4638296,8769227,In Service,,,,SIte List (12).csv
KDS_C013M_DP0001,DP,DP,KDS,KUNDASANG,,,JALAN,TAMPARULI-RANAU,,,89308.0,SABAH,MALAYSIA,5.949485199,116.467514,8768616,In Service,,,,SIte List (12).csv
KDS_C013M_DP0002,DP,DP,KDS,KUNDASANG,,,JALAN,TAMPARULI-RANAU,,,89308.0,SABAH,MALAYSIA,5.950354034,116.467097,8769228,In Service,,,,SIte List (12).csv
KDS_C013M_DP0003,DP,DP,KDS,KUNDASANG,,,JALAN,TAMPARULI-RANAU,,,89308.0,SABAH,MALAYSIA,5.953066467,116.4674945,8768617,In Service,,,,SIte List (12).csv
KDS_C013M_DP0004,DP,DP,KDS,KUNDASANG,,,JALAN,TAMPARULI-RANAU,,,89308.0,SABAH,MALAYSIA,5.954676458,116.4662679,8769229,In Service,,,,SIte List (12).csv
KDS_C013M_DP0005,DP,DP,KDS,KUNDASANG,,,JALAN,TAMPARULI-RANAU,,,89308.0,SABAH,MALAYSIA,5.961535263,116.4675142,8769231,In Service,,,,SIte List (12).csv
KDS_C013M_DP0006,DP,DP,KDS,KUNDASANG,,,JALAN,TAMPARULI-RANAU,,,89308.0,SABAH,MALAYSIA,5.962304354,116.4657882,8769233,In Service,,,,SIte List (12).csv
KDS_C013M_DP0007,DP,DP,KDS,KUNDASANG,,,JALAN,TAMPARULI-RANAU,,,89308.0,SABAH,MALAYSIA,5.963367187,116.4655744,8769234,In Service,,,,SIte List (12).csv
KDS_C013M_DP0008,DP,DP,KDS,KUNDASANG,,,JALAN,TAMPARULI-RANAU,,,89308.0,SABAH,MALAYSIA,5.964171004,116.4632542,8769235,In Service,,,,SIte List (12).csv
KDS_C013M_DP0009,DP,DP,KDS,KUNDASANG,,,JALAN,TAMPARULI-RANAU,,,89308.0,SABAH,MALAYSIA,5.967549816,116.4801582,8768612,In Service,,,,SIte List (12).csv
KDS_C013M_DP0010,DP,DP,KDS,KUNDASANG,,,JALAN,TAMPARULI-RANAU,,,89308.0,SABAH,MALAYSIA,5.969548574,116.4776193,8768613,In Service,,,,SIte List (12).csv
KDS_C013M_DP0011,DP,DP,KDS,KUNDASANG,,,JALAN,TAMPARULI-RANAU,,,89308.0,SABAH,MALAYSIA,5.970054567,116.4763195,8769221,In Service,,,,SIte List (12).csv
KDS_C013M_DP0012,DP,DP,KDS,KUNDASANG,,,JALAN,TAMPARULI-RANAU,,,89308.0,SABAH,MALAYSIA,5.969008239,116.4631257,8768614,In Service,,,,SIte List (12).csv
KDS_C013M_DP0013,DP,DP,KDS,KUNDASANG,,,JALAN,TAMPARULI-RANAU,,,89308.0,SABAH,MALAYSIA,5.969225343,116.4619556,8769222,In Service,,,,SIte List (12).csv
KDS_C013M_DP0014,DP,DP,KDS,KUNDASANG,,,JALAN,TAMPARULI-RANAU,,,89308.0,SABAH,MALAYSIA,5.968287322,116.4607389,9039242,In Service,,,,SIte List (12).csv
KDS_C013M_DP003A,FTB,DP,KDS,KUNDASANG,,,JALAN,TAMPARULI-RANAU,',,89308.0,SABAH,MALAYSIA,5.952688951,116.466862,8769224,In Service,,,,SIte List (12).csv
KDS_C013M_DP004A,FTB,DP,KDS,KUNDASANG,,,JALAN,TAMPARULI-RANAU,',,89308.0,SABAH,MALAYSIA,5.955275149,116.4650644,8769225,In Service,,,,SIte List (12).csv
KDS_C013M_DP006A,FTB,DP,KDS,KUNDASANG,,,JALAN,TAMPARULI-RANAU,',,89308.0,SABAH,MALAYSIA,5.962476313,116.46655,8769223,In Service,,,,SIte List (12).csv
KDS_C013M_DP008A,FTB,DP,KDS,KUNDASANG,,,JALAN,TAMPARULI-RANAU,',,89308.0,SABAH,MALAYSIA,5.963115925,116.463971,8768615,In Service,,,,SIte List (12).csv
KDS_C013M_DP012A,FTB,DP,KDS,KUNDASANG,,,JALAN,TAMPARULI-RANAU,',,89308.0,SABAH,MALAYSIA,5.968491537,116.461399,8769226,In Service,,,,SIte List (12).csv
KDS_C013M_DP014A,FTB,DP,KDS,TUARAN,BY NMO,,JALAN,SK LOKOS,KAMPUNG LOKOS,,89208.0,SABAH,MALAYSIA,5.969237959,116.4620331,9519751,In Service,,,,SIte List (12).csv
KDS_C014M,FDC,DP,KDS,KUNDASANG,,,JALAN,CINTA MATA MESILOU,KAMPUNG MESILOU,,89307.0,SABAH,MALAYSIA,6.010237678,116.5956441,10102208,In Service,,,,SIte List (13).csv
KDS_C014M_DP0001,DP,DP,KDS,RANAU,,,JALAN,KG TUDAN,KAMPUNG TUDAN,,89300.0,SABAH,MALAYSIA,6.019438096,116.5940645,10102243,In Service,,,,SIte List (13).csv
KDS_C014M_DP0002,DP,DP,KDS,KUNDASANG,,,JALAN,MESILOU,KAMPUNG MESILOU,,89300.0,SABAH,MALAYSIA,6.014680073,116.5979743,10194393,In Service,,,,SIte List (13).csv
KDS_C014M_DP0003,DP,DP,KDS,KUNDASANG,,,JALAN,MESILOU,KAMPUNG MESILOU,,89300.0,SABAH,MALAYSIA,6.013990801,116.5992142,10325972,In Service,,,,SIte List (13).csv
KDS_C014M_DP0004,DP,DP,KDS,KUNDASANG,,,JALAN,MESILOU,KAMPUNG MESILOU,,89300.0,SABAH,MALAYSIA,6.012554449,116.5974002,10325973,In Service,,,,SIte List (13).csv
KDS_C014M_DP0005,DP,DP,KDS,KUNDASANG,,,JALAN,GOLF COURSE MESILAU,KAMPUNG MESILOU,,89308.0,SABAH,MALAYSIA,6.01282475,116.5991289,10596603,In Service,,,,SIte List (13).csv
KDS_C014M_DP0006,DP,DP,KDS,KUNDASANG,,,JALAN,GOLF COURSE MESILAU,KAMPUNG MESILOU,,89308.0,SABAH,MALAYSIA,6.015538053,116.5975997,10596577,In Service,,,,SIte List (13).csv
KDS_C014M_DP0007,DP,DP,KDS,KUNDASANG,,,JALAN,GOLF COURSE MESILAU,KAMPUNG MESILOU,,89308.0,SABAH,MALAYSIA,6.011723684,116.5981976,10596578,In Service,,,,SIte List (13).csv
KDS_C014M_DP0008,DP,DP,KDS,KUNDASANG,,,JALAN,GOLF COURSE MESILAU,KAMPUNG MESILOU,,89308.0,SABAH,MALAYSIA,6.012884374,116.5973399,10596604,In Service,,,,SIte List (13).csv
KDS_C014M_DP004A,FTB,DP,KDS,KUNDASANG,,,JALAN,CINTA MATA MESILOU,KAMPUNG MESILOU,,89307.0,SABAH,MALAYSIA,6.012008844,116.5946962,10506617,In Service,,,,SIte List (13).csv
KDS_C015M,FDC,DP,KDS,KUNDASANG,,,JALAN,TENOMPOK BUNDU TUHAN,KG SIBA BUNDU TUHAN,,89300.0,SABAH,MALAYSIA,5.958379946,116.5483787,11334409,In Service,,,,SIte List (14)(1).csv
KDS_C015M_DP0001,DP,DP,KDS,KUNDASANG,,,JALAN,HIMBAAN,KAMPUNG HIMBAAN,,89300.0,SABAH,MALAYSIA,5.966139816,116.5483428,11334410,In Service,,,,SIte List (14)(1).csv
KDS_C015M_DP0002,DP,DP,KDS,KUNDASANG,,,JALAN,HIMBAAN BUNDU TUHAN,KAMPUNG HIMBAAN,,89300.0,SABAH,MALAYSIA,5.961883184,116.5467435,11334411,In Service,,,,SIte List (14)(1).csv
KDS_C015M_DP0003,DP,DP,KDS,KUNDASANG,,,JALAN,TENOMPOK BUNDU TUHAN,KG SIBA BUNDU TUHAN,,89300.0,SABAH,MALAYSIA,5.9605742,116.5457899,11334391,In Service,,,,SIte List (14)(1).csv
KDS_C015M_DP0004,DP,DP,KDS,KUNDASANG,,,JALAN,HIMBAAN,KAMPUNG HIMBAAN,,89300.0,SABAH,MALAYSIA,5.954954955,116.5471602,11334392,In Service,,,,SIte List (14)(1).csv
KDS_C015M_DP0005,DP,DP,KDS,KUNDASANG,,,JALAN,HIMBAAN,KAMPUNG HIMBAAN,,89300.0,SABAH,MALAYSIA,5.95739926,116.5507027,11334413,In Service,,,,SIte List (14)(1).csv
KDS_C015M_DP004A,FTB,DP,KDS,KUNDASANG,,,JALAN,HIMBAAN,KAMPUNG HIMBAAN,,89300.0,SABAH,MALAYSIA,5.953911908,116.5476573,11334414,In Service,,,,SIte List (14)(1).csv
KDS_C015M_DP005A,FTB,DP,KDS,KUNDASANG,,,JALAN,HIMBAAN,KAMPUNG HIMBAAN,,89300.0,SABAH,MALAYSIA,5.950094299,116.5505403,11334415,In Service,,,,SIte List (14)(1).csv
